排出年,特定排出者コード,事業者・事業所名,区分,業種,所在地,温室効果ガス算定排出量(tCO2)
year,code,name,type,sector,location,tCO2
2021,985336900,日本製鉄株式会社,特定事業所排出者,鉄鋼業,東京都千代田区,81587947
2021,650003624,太平洋セメント株式会社,特定事業所排出者,窯業・土石製品製造業,東京都文京区,12293196
2021,640351830,東ソー株式会社,特定事業所排出者,化学工業,東京都港区,7619254
2021,985347206,住友大阪セメント株式会社,特定事業所排出者,窯業・土石製品製造業,東京都千代田区,7394542
2021,985052701,出光興産株式会社,特定事業所排出者,石油製品・石炭製品製造業,東京都千代田区,6937102
2021,640006257,株式会社トクヤマ,特定事業所排出者,化学工業,東京都千代田区,6335799
2021,710034905,大王製紙株式会社,特定事業所排出者,パルプ・紙・紙加工品製造業,愛媛県四国中央市,3255554
2021,650002304,ＵＢＥ株式会社,特定事業所排出者,化学工業,東京都港区,2517214
2021,985452408,電源開発株式会社,特定事業所排出者,電気業,東京都中央区,2511858
2021,986306852,王子マテリア株式会社,特定事業所排出者,パルプ・紙・紙加工品製造業,東京都中央区,2496734
2021,985451705,デンカ株式会社,特定事業所排出者,化学工業,東京都中央区,1947577
2021,985022102,ＡＧＣ株式会社,特定事業所排出者,窯業・土石製品製造業,東京都千代田区,1912464
2021,985651608,日本航空株式会社,特定航空輸送事業者,航空運輸業,東京都品川区,1716775
2021,581100003,西日本旅客鉄道株式会社,特定旅客輸送事業者,鉄道業,大阪府大阪市,1300000
2021,985390806,大平洋金属株式会社,特定事業所排出者,鉄鋼業,青森県八戸市,1220691
2021,400072412,大同特殊鋼株式会社,特定事業所排出者,鉄鋼業,愛知県名古屋市,1169345
2021,580046998,株式会社カネカ,特定事業所排出者,化学工業,大阪府大阪市,1059580
2021,580006446,レンゴー株式会社,特定事業所排出者,パルプ・紙・紙加工品製造業,大阪府大阪市,858147
2021,400108408,株式会社デンソー,特定事業所排出者,輸送用機械器具製造業,愛知県刈谷市,812273
2021,985330101,信越化学工業株式会社,特定事業所排出者,化学工業,東京都千代田区,798941
2021,985346700,住友金属鉱山株式会社,特定事業所排出者,非鉄金属製造業,東京都港区,775404
2021,985793309,三菱瓦斯化学株式会社,特定事業所排出者,化学工業,東京都千代田区,722907
2021,400004029,愛知製鋼株式会社,特定事業所排出者,鉄鋼業,愛知県東海市,722902
2021,985336900,日本製鉄株式会社,特定荷主,鉄鋼業,東京都千代田区,709906
2021,600002843,マツダ株式会社,特定事業所排出者,輸送用機械器具製造業,広島県府中町,640685
2021,980885721,株式会社ＵＡＣＪ,特定事業所排出者,非鉄金属製造業,東京都千代田区,610335
2021,580000845,シャープ株式会社,特定事業所排出者,電子部品・デバイス・電子回路製造業,大阪府堺市,597367
2021,985793701,三菱マテリアル株式会社,特定事業所排出者,非鉄金属製造業,東京都千代田区,581873
2021,500062007,京セラ株式会社,特定事業所排出者,電子部品・デバイス・電子回路製造業,京都府京都市,551467
2021,985660302,日本ゼオン株式会社,特定事業所排出者,化学工業,東京都千代田区,533189
2021,985786707,三井不動産株式会社,特定事業所排出者,不動産賃貸業・管理業,東京都中央区,528022
2021,500032634,日本電気硝子株式会社,特定事業所排出者,窯業・土石製品製造業,滋賀県大津市,522629
2021,986945521,株式会社ＳＵＭＣＯ,特定事業所排出者,電気機械器具製造業,東京都港区,482370
2021,985795009,三菱電機株式会社,特定事業所排出者,電気機械器具製造業,東京都千代田区,467408
2021,985757509,本田技研工業株式会社,特定事業所排出者,輸送用機械器具製造業,東京都港区,457923
2021,900001432,沖縄電力株式会社,特定事業所排出者,電気業,沖縄県浦添市,456805
2021,617001903,ＫＨネオケム株式会社,特定事業所排出者,化学工業,東京都中央区,446989
2021,985525308,東邦亜鉛株式会社,特定事業所排出者,非鉄金属製造業,東京都千代田区,433836
2021,985350103,セントラル硝子株式会社,特定事業所排出者,窯業・土石製品製造業,東京都千代田区,422627
2021,985670407,新日本電工株式会社,特定事業所排出者,鉄鋼業,東京都中央区,417168
2021,985176600,株式会社クレハ,特定事業所排出者,化学工業,東京都中央区,386009
2021,580028425,石原産業株式会社,特定事業所排出者,化学工業,大阪府大阪市,384735
2021,985052701,出光興産株式会社,特定荷主,石油製品・石炭製品製造業,東京都千代田区,375313
2021,985114901,花王株式会社,特定事業所排出者,化学工業,東京都中央区,356064
2021,580064771,日東電工株式会社,特定事業所排出者,パルプ・紙・紙加工品製造業,大阪府大阪市,349941
2021,985462709,東亞合成株式会社,特定事業所排出者,化学工業,東京都港区,337528
2021,986379330,東京地下鉄株式会社,特定旅客輸送事業者,鉄道業,東京都台東区,332000
2021,985681204,日本冶金工業株式会社,特定事業所排出者,鉄鋼業,東京都中央区,327421
2021,985794306,三菱重工業株式会社,特定事業所排出者,輸送用機械器具製造業,東京都千代田区,319826
2021,300057960,セイコーエプソン株式会社,特定事業所排出者,業務用機械器具製造業,長野県諏訪市,308476
2021,530004309,住友ゴム工業株式会社,特定事業所排出者,ゴム製品製造業,兵庫県神戸市,302430
2021,401103872,コカ・コーラボトラーズジャパン株式会社,特定事業所排出者,飲料・たばこ・飼料製造業,東京都港区,298196
2021,580002410,ダイキン工業株式会社,特定事業所排出者,はん用機械器具製造業,大阪府大阪市,297632
2021,985426300,中越パルプ工業株式会社,特定事業所排出者,パルプ・紙・紙加工品製造業,東京都千代田区,283149
2021,430105873,スズキ株式会社,特定事業所排出者,輸送用機械器具製造業,静岡県浜松市,277692
2021,580007523,ユニチカ株式会社,特定事業所排出者,繊維工業,大阪府大阪市,248603
2021,580212121,日本山村硝子株式会社,特定事業所排出者,窯業・土石製品製造業,兵庫県尼崎市,240152
2021,985141604,関東電化工業株式会社,特定事業所排出者,化学工業,東京都千代田区,234182
2021,400082929,中部鋼鈑株式会社,特定事業所排出者,鉄鋼業,愛知県名古屋市,217160
2021,450000028,イビデン株式会社,特定事業所排出者,電子部品・デバイス・電子回路製造業,岐阜県大垣市,217120
2021,985176001,栗田工業株式会社,特定事業所排出者,その他の製造業,東京都中野区,216456
2021,985033106,いすゞ自動車株式会社,特定事業所排出者,輸送用機械器具製造業,神奈川県横浜市,216000
2021,985744304,古河電気工業株式会社,特定事業所排出者,非鉄金属製造業,東京都千代田区,208901
2021,985821708,森永乳業株式会社,特定事業所排出者,食料品製造業,東京都港区,206504
2021,985660705,日本精工株式会社,特定事業所排出者,はん用機械器具製造業,東京都品川区,206118
2021,580013988,ＮＴＮ株式会社,特定事業所排出者,はん用機械器具製造業,大阪府大阪市,197450
2021,640006257,株式会社トクヤマ,特定荷主,化学工業,東京都千代田区,195395
2021,800089205,イオン九州株式会社,特定事業所排出者,各種商品小売業,福岡県福岡市,195147
2021,985495503,東京鐵鋼株式会社,特定事業所排出者,鉄鋼業,東京都千代田区,192809
2021,985754507,三菱食品株式会社,特定荷主,飲食料品卸売業,東京都文京区,191468
2021,985320900,昭和産業株式会社,特定事業所排出者,食料品製造業,東京都千代田区,188881
2021,10287750,イオン北海道株式会社,特定事業所排出者,各種商品小売業,北海道札幌市,188618
2021,985785601,三井金属鉱業株式会社,特定事業所排出者,非鉄金属製造業,東京都品川区,188336
2021,985732902,富士電機株式会社,特定事業所排出者,電気機械器具製造業,東京都品川区,186397
2021,400083612,中部電力株式会社,特定事業所排出者,電気業,愛知県名古屋市,183184
2021,985723402,リンテック株式会社,特定事業所排出者,パルプ・紙・紙加工品製造業,東京都板橋区,179415
2021,810000178,黒崎播磨株式会社,特定事業所排出者,窯業・土石製品製造業,福岡県北九州市,174339
2021,985187908,コニカミノルタ株式会社,特定事業所排出者,業務用機械器具製造業,東京都千代田区,170606
2021,985083805,小田急電鉄株式会社,特定旅客輸送事業者,鉄道業,東京都新宿区,162000
2021,650003624,太平洋セメント株式会社,特定荷主,窯業・土石製品製造業,東京都文京区,159025
2021,985347206,住友大阪セメント株式会社,特定荷主,窯業・土石製品製造業,東京都千代田区,158047
2021,985662808,日本曹達株式会社,特定事業所排出者,化学工業,東京都千代田区,154913
2021,330035060,ホクト株式会社,特定事業所排出者,農業,長野県長野市,154771
2021,986327914,ＪＸ金属株式会社,特定事業所排出者,非鉄金属製造業,東京都港区,153590
2021,985453639,株式会社ＬＩＸＩＬ,特定事業所排出者,金属製品製造業,東京都江東区,152757
2021,580349898,住友精化株式会社,特定事業所排出者,化学工業,大阪府大阪市,152700
2021,985615002,日清オイリオグループ株式会社,特定事業所排出者,食料品製造業,東京都中央区,151339
2021,985681302,日油株式会社,特定事業所排出者,化学工業,東京都渋谷区,145570
2021,380060884,株式会社クスリのアオキ,特定事業所排出者,その他の小売業,石川県白山市,144687
2021,270046172,株式会社マルエツ,特定事業所排出者,飲食料品小売業,東京都豊島区,143061
2021,600009030,カルビー株式会社,特定事業所排出者,食料品製造業,東京都千代田区,142103
2021,985023807,株式会社ＡＤＥＫＡ,特定事業所排出者,化学工業,東京都荒川区,137878
2021,570009570,堺化学工業株式会社,特定事業所排出者,化学工業,大阪府堺市,135788
2021,985466806,東海カーボン株式会社,特定事業所排出者,窯業・土石製品製造業,東京都港区,133929
2021,617015471,不二製油株式会社,特定事業所排出者,食料品製造業,大阪府泉佐野市,130427
2021,982941669,ミニストップ株式会社,特定事業所排出者,飲食料品小売業,千葉県千葉市,129278
2021,250294997,株式会社大阪チタニウムテクノロジーズ,特定事業所排出者,非鉄金属製造業,兵庫県尼崎市,129272
2021,580241811,ニプロ株式会社,特定事業所排出者,業務用機械器具製造業,大阪府大阪市,123576
2021,400014025,石塚硝子株式会社,特定事業所排出者,窯業・土石製品製造業,愛知県岩倉市,123413
2021,985338708,テルモ株式会社,特定事業所排出者,業務用機械器具製造業,東京都渋谷区,123318
2021,985645709,日本ケミコン株式会社,特定事業所排出者,電子部品・デバイス・電子回路製造業,東京都品川区,119761
2021,985836809,アステラス製薬株式会社,特定事業所排出者,学術・開発研究機関,東京都中央区,118445
2021,985081355,株式会社オリエンタルランド,特定事業所排出者,娯楽業,千葉県浦安市,116378
2021,350007367,北越メタル株式会社,特定事業所排出者,鉄鋼業,新潟県長岡市,115812
2021,270098231,株式会社ヤオコー,特定事業所排出者,飲食料品小売業,埼玉県川越市,114035
2021,540272822,株式会社トリドールホールディングス,特定事業所排出者,飲食店,東京都渋谷区,113362
2021,571018321,第一生命保険株式会社,特定事業所排出者,保険業（保険媒介代理業，保険サービス業を含む）,東京都千代田区,108951
2021,580006437,株式会社髙島屋,特定事業所排出者,各種商品小売業,東京都中央区,108600
2021,580046165,株式会社大紀アルミニウム工業所,特定事業所排出者,非鉄金属製造業,大阪府大阪市,108322
2021,985453639,株式会社ＬＩＸＩＬ,特定荷主,金属製品製造業,東京都江東区,107876
2021,710034905,大王製紙株式会社,特定荷主,パルプ・紙・紙加工品製造業,愛媛県四国中央市,104673
2021,260287664,株式会社サイゼリヤ,特定事業所排出者,飲食店,埼玉県吉川市,100628
2021,985114901,花王株式会社,特定荷主,化学工業,東京都中央区,100494
2021,985083805,小田急電鉄株式会社,特定事業所排出者,不動産賃貸業・管理業,東京都新宿区,98098
2021,520003569,株式会社オークワ,特定事業所排出者,各種商品小売業,和歌山県和歌山市,97735
2021,985661103,日本精蝋株式会社,特定事業所排出者,石油製品・石炭製品製造業,東京都中央区,96362
2021,570091283,コーナン商事株式会社,特定事業所排出者,その他の小売業,大阪府大阪市,95699
2021,981158621,日本ビルファンド投資法人,特定事業所排出者,不動産賃貸業・管理業,東京都中央区,94574
2021,985821708,森永乳業株式会社,特定荷主,食料品製造業,東京都港区,92947
2021,982960664,株式会社共立メンテナンス,特定事業所排出者,宿泊業,東京都千代田区,92637
2021,570153930,株式会社ラウンドワン,特定事業所排出者,娯楽業,大阪府大阪市,91651
2021,500025003,三洋化成工業株式会社,特定事業所排出者,化学工業,京都府京都市,91146
2021,985741607,株式会社フジクラ,特定事業所排出者,非鉄金属製造業,東京都江東区,88664
2021,710013431,大倉工業株式会社（香川県）,特定事業所排出者,プラスチック製品製造業（別掲を除く）,香川県丸亀市,85836
2021,985180891,京成電鉄株式会社,特定旅客輸送事業者,鉄道業,千葉県市川市,84600
2021,200270020,日本発条株式会社,特定事業所排出者,金属製品製造業,神奈川県横浜市,83935
2021,985132605,ＫＹＢ株式会社,特定事業所排出者,輸送用機械器具製造業,東京都港区,83369
2021,400190149,ＴＨＫ株式会社,特定事業所排出者,生産用機械器具製造業,東京都港区,82308
2021,390001321,セーレン株式会社,特定事業所排出者,繊維工業,福井県福井市,80399
2021,985795009,三菱電機株式会社,特定荷主,電気機械器具製造業,東京都千代田区,80196
2021,620012613,株式会社ハローズ,特定事業所排出者,飲食料品小売業,岡山県早島町,79545
2021,830146071,株式会社ジョイフル,特定事業所排出者,飲食店,大分県大分市,79250
2021,401103872,コカ・コーラボトラーズジャパン株式会社,特定荷主,飲料・たばこ・飼料製造業,東京都港区,78643
2021,580016326,南海電気鉄道株式会社,特定旅客輸送事業者,鉄道業,大阪府大阪市,78300
2021,580303057,扶桑化学工業株式会社,特定事業所排出者,化学工業,大阪府大阪市,77127
2021,985433037,中外製薬株式会社,特定事業所排出者,化学工業,東京都中央区,76041
2021,986306852,王子マテリア株式会社,特定荷主,パルプ・紙・紙加工品製造業,東京都中央区,74985
2021,200137262,神奈川中央交通株式会社,特定旅客輸送事業者,道路旅客運送業,神奈川県平塚市,74900
2021,985314902,ヒューリック株式会社,特定事業所排出者,不動産賃貸業・管理業,東京都中央区,71513
2021,580005171,塩野義製薬株式会社,特定事業所排出者,化学工業,大阪府大阪市,71062
2021,985003107,アルプスアルパイン株式会社,特定事業所排出者,電子部品・デバイス・電子回路製造業,東京都大田区,69728
2021,985650905,株式会社ニコン,特定事業所排出者,生産用機械器具製造業,東京都港区,69700
2021,985742702,藤森工業株式会社,特定事業所排出者,プラスチック製品製造業（別掲を除く）,東京都文京区,67989
2021,502010860,株式会社吉野家,特定事業所排出者,飲食店,東京都中央区,66550
2021,985754507,三菱食品株式会社,特定事業所排出者,飲食料品卸売業,東京都文京区,66360
2021,580322544,丸大食品株式会社,特定事業所排出者,食料品製造業,大阪府高槻市,66300
2021,400091759,東邦ガス株式会社,特定事業所排出者,ガス業,愛知県名古屋市,65726
2021,985324604,ＳＭＣ株式会社,特定事業所排出者,はん用機械器具製造業,東京都千代田区,65637
2021,580363860,積水ハウス株式会社,特定事業所排出者,総合工事業,大阪府大阪市,64839
2021,989800420,株式会社丸井,特定事業所排出者,各種商品小売業,東京都中野区,64451
2021,640351830,東ソー株式会社,特定荷主,化学工業,東京都港区,64202
2021,985710807,日立建機株式会社,特定事業所排出者,生産用機械器具製造業,東京都台東区,64162
2021,985347402,住友ベークライト株式会社,特定事業所排出者,プラスチック製品製造業（別掲を除く）,東京都品川区,63939
2021,580005529,株式会社栗本鐵工所,特定事業所排出者,鉄鋼業,大阪府大阪市,63375
2021,580006446,レンゴー株式会社,特定荷主,パルプ・紙・紙加工品製造業,大阪府大阪市,62938
2021,982620116,株式会社サンドラッグ,特定事業所排出者,その他の小売業,東京都府中市,62228
2021,201738294,ルネサスエレクトロニクス株式会社,特定事業所排出者,電子部品・デバイス・電子回路製造業,東京都江東区,62199
2021,400095186,トヨタ紡織株式会社,特定事業所排出者,輸送用機械器具製造業,愛知県刈谷市,61903
2021,600145238,ダイキョーニシカワ株式会社,特定事業所排出者,プラスチック製品製造業（別掲を除く）,広島県東広島市,61728
2021,985432451,日本シイエムケイ株式会社,特定事業所排出者,電子部品・デバイス・電子回路製造業,東京都新宿区,60715
2021,620018223,リョービ株式会社,特定事業所排出者,非鉄金属製造業,広島県府中市,58811
2021,600002843,マツダ株式会社,特定荷主,輸送用機械器具製造業,広島県府中町,58568
2021,200312513,横浜冷凍株式会社,特定事業所排出者,倉庫業,神奈川県横浜市,58122
2021,985757509,本田技研工業株式会社,特定荷主,輸送用機械器具製造業,東京都港区,57313
2021,985651608,日本航空株式会社,特定事業所排出者,航空運輸業,東京都品川区,57271
2021,988946850,日本郵政株式会社,特定事業所排出者,宿泊業,東京都千代田区,56954
2021,985186105,株式会社小糸製作所,特定事業所排出者,電気機械器具製造業,東京都港区,56757
2021,985434802,株式会社ツムラ,特定事業所排出者,化学工業,東京都港区,56502
2021,270074650,株式会社マミーマート,特定事業所排出者,飲食料品小売業,埼玉県さいたま市,56396
2021,580270018,ＳＣＳＫ株式会社,特定事業所排出者,情報サービス業,東京都江東区,56075
2021,240100614,株式会社カワチ薬品,特定事業所排出者,その他の小売業,栃木県小山市,55757
2021,450131816,株式会社セリア,特定事業所排出者,その他の小売業,岐阜県大垣市,55171
2021,985302401,株式会社資生堂,特定事業所排出者,化学工業,東京都港区,55095
2021,400083102,中部飼料株式会社,特定事業所排出者,飲料・たばこ・飼料製造業,愛知県名古屋市,54986
2021,985070306,エーザイ株式会社,特定事業所排出者,化学工業,東京都文京区,54149
2021,985656604,日本水産株式会社,特定事業所排出者,食料品製造業,東京都港区,54137
2021,580045257,岩谷産業株式会社,特定荷主,各種商品卸売業,大阪府大阪市,53171
2021,985794745,三菱倉庫株式会社,特定事業所排出者,倉庫業,東京都中央区,52904
2021,10172180,株式会社トーモク,特定事業所排出者,パルプ・紙・紙加工品製造業,東京都千代田区,52229
2021,530138124,ケンコーマヨネーズ株式会社,特定事業所排出者,食料品製造業,東京都杉並区,51516
2021,610005384,岡山県貨物運送株式会社,特定貨物輸送事業者,道路貨物運送業,岡山県岡山市,51500
2021,985634106,ニチアス株式会社,特定事業所排出者,窯業・土石製品製造業,東京都中央区,51282
2021,980955066,株式会社野村総合研究所,特定事業所排出者,情報サービス業,東京都千代田区,51144
2021,620031360,青山商事株式会社,特定事業所排出者,織物・衣服・身の回り品小売業,広島県福山市,51082
2021,580010691,住友ファーマ株式会社,特定事業所排出者,化学工業,大阪府大阪市,50977
2021,985052200,市光工業株式会社,特定事業所排出者,電気機械器具製造業,神奈川県伊勢原市,50359
2021,985722307,プリマハム株式会社,特定事業所排出者,食料品製造業,東京都品川区,50157
2021,580068000,丸一鋼管株式会社,特定事業所排出者,鉄鋼業,大阪府大阪市,49199
2021,350167861,株式会社原信,特定事業所排出者,飲食料品小売業,新潟県長岡市,48961
2021,988230127,株式会社ルネサンス,特定事業所排出者,娯楽業,東京都墨田区,48424
2021,985024303,東海運株式会社,特定貨物輸送事業者,水運業,東京都中央区,48300
2021,982926789,株式会社ビックカメラ,特定事業所排出者,各種商品小売業,東京都豊島区,47695
2021,985164206,協和キリン株式会社,特定事業所排出者,化学工業,東京都千代田区,47200
2021,986126068,合同酒精株式会社,特定事業所排出者,飲料・たばこ・飼料製造業,東京都墨田区,47042
2021,580464236,株式会社ダスキン,特定事業所排出者,その他の事業サービス業,大阪府吹田市,46142
2021,985615002,日清オイリオグループ株式会社,特定荷主,食料品製造業,東京都中央区,46097
2021,985022102,ＡＧＣ株式会社,特定荷主,窯業・土石製品製造業,東京都千代田区,45640
2021,580009386,鴻池運輸株式会社,特定事業所排出者,道路貨物運送業,大阪府大阪市,45595
2021,580003435,株式会社ヨータイ,特定事業所排出者,窯業・土石製品製造業,大阪府貝塚市,45516
2021,730016870,ニッポン高度紙工業株式会社,特定事業所排出者,パルプ・紙・紙加工品製造業,高知県高知市,45288
2021,985554909,株式会社巴川製紙所,特定事業所排出者,プラスチック製品製造業（別掲を除く）,東京都中央区,44591
2021,580305267,東和薬品株式会社,特定事業所排出者,化学工業,大阪府門真市,43189
2021,160049418,株式会社ヤマザワ,特定事業所排出者,各種商品小売業,山形県山形市,42876
2021,440105474,フタバ産業株式会社,特定事業所排出者,輸送用機械器具製造業,愛知県岡崎市,42602
2021,400108408,株式会社デンソー,特定荷主,輸送用機械器具製造業,愛知県刈谷市,42490
2021,400471364,株式会社東祥,特定事業所排出者,娯楽業,愛知県安城市,42083
2021,190109698,株式会社幸楽苑ホールディングス,特定事業所排出者,飲食店,福島県郡山市,41353
2021,985463500,東亜道路工業株式会社,特定事業所排出者,総合工事業,東京都港区,41163
2021,985494373,東京建物株式会社,特定事業所排出者,不動産賃貸業・管理業,東京都中央区,41100
2021,985675001,株式会社ニッピ,特定事業所排出者,なめし革・同製品・毛皮製造業,東京都足立区,41083
2021,989455097,株式会社ゆうちょ銀行,特定事業所排出者,銀行業,東京都千代田区,40873
2021,985525406,東邦化学工業株式会社,特定事業所排出者,化学工業,東京都中央区,40807
2021,985197806,高周波熱錬株式会社,特定事業所排出者,金属製品製造業,東京都品川区,40633
2021,580000952,荒川化学工業株式会社,特定事業所排出者,化学工業,大阪府大阪市,40565
2021,400027300,カゴメ株式会社,特定事業所排出者,飲料・たばこ・飼料製造業,東京都中央区,40391
2021,200261620,古河電池株式会社,特定事業所排出者,電気機械器具製造業,神奈川県横浜市,39834
2021,985142906,キユーピー株式会社,特定事業所排出者,食料品製造業,東京都渋谷区,39639
2021,620059674,株式会社やまみ,特定事業所排出者,食料品製造業,広島県三原市,39615
2021,400080568,中央発條株式会社,特定事業所排出者,金属製品製造業,愛知県名古屋市,39252
2021,10515926,株式会社丸千代山岡家,特定事業所排出者,飲食店,北海道札幌市,39221
2021,985115201,鹿島建設,特定事業所排出者,総合工事業,東京都港区,38989
2021,965006738,デクセリアルズ株式会社,特定事業所排出者,電子部品・デバイス・電子回路製造業,栃木県下野市,38435
2021,580013638,倉敷紡績株式会社,特定事業所排出者,繊維工業,大阪府大阪市,38211
2021,440007606,株式会社物語コーポレーション,特定事業所排出者,飲食店,愛知県豊橋市,37505
2021,985033106,いすゞ自動車株式会社,特定荷主,輸送用機械器具製造業,神奈川県横浜市,37402
2021,650010020,チタン工業株式会社,特定事業所排出者,化学工業,山口県宇部市,37278
2021,985644505,日本金属株式会社,特定事業所排出者,鉄鋼業,東京都港区,37141
2021,580016326,南海電気鉄道株式会社,特定事業所排出者,鉄道業,大阪府大阪市,37091
2021,985660302,日本ゼオン株式会社,特定荷主,化学工業,東京都千代田区,36941
2021,340022771,一正蒲鉾株式会社,特定事業所排出者,食料品製造業,新潟県新潟市,36845
2021,985154907,共同印刷株式会社,特定事業所排出者,印刷・同関連業,東京都文京区,36159
2021,570009417,株式会社シマノ,特定事業所排出者,輸送用機械器具製造業,大阪府堺市,36154
2021,580087186,大阪有機化学工業株式会社,特定事業所排出者,化学工業,大阪府大阪市,36135
2021,988792136,第一三共株式会社,特定事業所排出者,化学工業,東京都中央区,35125
2021,980012097,三井住友海上火災保険株式会社,特定事業所排出者,保険業（保険媒介代理業，保険サービス業を含む）,東京都千代田区,34968
2021,580025611,南海化学株式会社,特定事業所排出者,化学工業,大阪府大阪市,34948
2021,450001320,太平洋工業株式会社,特定事業所排出者,輸送用機械器具製造業,岐阜県大垣市,34905
2021,360000065,株式会社有沢製作所,特定事業所排出者,化学工業,新潟県上越市,34879
2021,985545301,株式会社ティラド,特定事業所排出者,輸送用機械器具製造業,東京都渋谷区,34747
2021,400203784,カネ美食品株式会社,特定事業所排出者,飲食料品小売業,愛知県名古屋市,34605
2021,430105873,スズキ株式会社,特定荷主,輸送用機械器具製造業,静岡県浜松市,34504
2021,580033041,関西ペイント株式会社,特定事業所排出者,化学工業,大阪府大阪市,34459
2021,985445109,株式会社帝国ホテル,特定事業所排出者,宿泊業,東京都千代田区,34406
2021,500011492,株式会社島津製作所,特定事業所排出者,業務用機械器具製造業,京都府京都市,34241
2021,450014730,ハビックス株式会社,特定事業所排出者,パルプ・紙・紙加工品製造業,岐阜県岐阜市,33937
2021,985451705,デンカ株式会社,特定荷主,化学工業,東京都中央区,33865
2021,985821600,森永製菓株式会社,特定事業所排出者,食料品製造業,東京都港区,33777
2021,270041846,株式会社本田技術研究所,特定事業所排出者,輸送用機械器具製造業,埼玉県和光市,33139
2021,400072412,大同特殊鋼株式会社,特定荷主,鉄鋼業,愛知県東海市,32442
2021,160012329,日東ベスト株式会社,特定事業所排出者,食料品製造業,山形県寒河江市,31922
2021,985492001,東京製綱株式会社,特定事業所排出者,金属製品製造業,東京都中央区,31863
2021,985855107,ライオン株式会社,特定事業所排出者,化学工業,東京都墨田区,31451
2021,984516556,株式会社良品計画,特定事業所排出者,その他の小売業,東京都豊島区,31441
2021,200428958,株式会社アイネット,特定事業所排出者,情報サービス業,神奈川県横浜市,31166
2021,985346970,住友重機械工業株式会社,特定事業所排出者,はん用機械器具製造業,東京都品川区,31103
2021,580004067,住友商事株式会社,特定事業所排出者,各種商品卸売業,東京都千代田区,30801
2021,200224457,東京応化工業株式会社,特定事業所排出者,化学工業,神奈川県川崎市,30694
2021,400022896,オークマ株式会社,特定事業所排出者,生産用機械器具製造業,愛知県大口町,30430
2021,890010333,株式会社アクシーズ,特定事業所排出者,食料品製造業,鹿児島県鹿児島市,30383
2021,350070066,岩塚製菓株式会社,特定事業所排出者,食料品製造業,新潟県長岡市,30163
2021,580316019,株式会社ライフドリンクカンパニー,特定事業所排出者,飲料・たばこ・飼料製造業,大阪府大阪市,30108
2021,985747638,平和不動産株式会社,特定事業所排出者,不動産賃貸業・管理業,東京都中央区,29896
2021,580008914,永大産業株式会社,特定事業所排出者,木材・木製品製造業（家具を除く）,大阪府大阪市,29766
2021,200127730,株式会社オカムラ,特定事業所排出者,家具・装備品製造業,神奈川県横浜市,29679
2021,980722251,トーヨーカラー株式会社,特定事業所排出者,化学工業,東京都中央区,29527
2021,400061713,新東工業株式会社,特定事業所排出者,生産用機械器具製造業,愛知県豊川市,29316
2021,650002304,ＵＢＥ株式会社,特定荷主,化学工業,東京都港区,29220
2021,201964633,株式会社ＡＯＫＩ,特定事業所排出者,織物・衣服・身の回り品小売業,神奈川県横浜市,29109
2021,985753608,北興化学工業株式会社,特定事業所排出者,化学工業,東京都中央区,29074
2021,985793309,三菱瓦斯化学株式会社,特定荷主,化学工業,東京都千代田区,29032
2021,985320900,昭和産業株式会社,特定荷主,食料品製造業,東京都千代田区,28594
2021,985475903,東急株式会社,特定事業所排出者,不動産賃貸業・管理業,東京都渋谷区,28493
2021,230019288,株式会社ミツバ,特定事業所排出者,輸送用機械器具製造業,群馬県桐生市,28396
2021,201820938,株式会社ファルテック,特定事業所排出者,輸送用機械器具製造業,神奈川県川崎市,28376
2021,401103872,コカ・コーラボトラーズジャパン株式会社,特定貨物輸送事業者,飲食料品卸売業,福岡県福岡市,28300
2021,430110846,株式会社ユニバンス,特定事業所排出者,輸送用機械器具製造業,静岡県湖西市,28282
2021,580363860,積水ハウス株式会社,特定荷主,総合工事業,大阪府大阪市,28212
2021,580009386,鴻池運輸株式会社,特定貨物輸送事業者,道路貨物運送業,大阪府大阪市,28000
2021,348007181,株式会社東光高岳,特定事業所排出者,電気機械器具製造業,東京都江東区,27841
2021,400027300,カゴメ株式会社,特定荷主,飲料・たばこ・飼料製造業,東京都中央区,27622
2021,530019231,株式会社ノザワ,特定事業所排出者,窯業・土石製品製造業,兵庫県神戸市,27515
2021,530004309,住友ゴム工業株式会社,特定荷主,ゴム製品製造業,兵庫県神戸市,27419
2021,989218557,ジャパンエクセレント投資法人,特定事業所排出者,不動産賃貸業・管理業,東京都港区,27384
2021,500015052,オムロン株式会社,特定事業所排出者,電気機械器具製造業,京都府京都市,27155
2021,985444907,ＴＰＲ株式会社,特定事業所排出者,輸送用機械器具製造業,東京都千代田区,26714
2021,985656604,日本水産株式会社,特定荷主,食料品製造業,東京都港区,26633
2021,985180891,京成電鉄株式会社,特定事業所排出者,不動産賃貸業・管理業,千葉県市川市,26578
2021,810000964,株式会社安川電機,特定事業所排出者,電気機械器具製造業,福岡県北九州市,26576
2021,470013749,三重交通株式会社,特定旅客輸送事業者,道路旅客運送業,三重県津市,26100
2021,200127730,株式会社オカムラ,特定荷主,家具・装備品製造業,神奈川県横浜市,26025
2021,500002411,株式会社メタルアート,特定事業所排出者,鉄鋼業,滋賀県草津市,25885
2021,985794601,三菱製鋼株式会社,特定事業所排出者,鉄鋼業,東京都中央区,25762
2021,985452408,電源開発株式会社,特定荷主,電気業,東京都中央区,25397
2021,880000271,旭有機材株式会社,特定事業所排出者,プラスチック製品製造業（別掲を除く）,宮崎県延岡市,25353
2021,440015887,武蔵精密工業株式会社,特定事業所排出者,輸送用機械器具製造業,愛知県豊橋市,24727
2021,580004361,参天製薬株式会社,特定事業所排出者,化学工業,大阪府大阪市,24693
2021,10094655,北雄ラッキー株式会社,特定事業所排出者,飲食料品小売業,北海道札幌市,24661
2021,982991938,株式会社エコス,特定事業所排出者,飲食料品小売業,東京都昭島市,24555
2021,810002271,大石産業株式会社,特定事業所排出者,パルプ・紙・紙加工品製造業,福岡県北九州市,24364
2021,580078445,日本インシュレーション株式会社,特定事業所排出者,窯業・土石製品製造業,大阪府大阪市,24304
2021,600009030,カルビー株式会社,特定荷主,食料品製造業,東京都千代田区,24218
2021,985490507,株式会社ファインシンター,特定事業所排出者,輸送用機械器具製造業,愛知県春日井市,23905
2021,540054931,株式会社大真空,特定事業所排出者,電子部品・デバイス・電子回路製造業,兵庫県加古川市,23772
2021,710042317,株式会社マルヨシセンター,特定事業所排出者,各種商品小売業,香川県高松市,23744
2021,340285315,株式会社オーシャンシステム,特定事業所排出者,飲食料品小売業,新潟県三条市,23680
2021,985330101,信越化学工業株式会社,特定荷主,化学工業,東京都千代田区,23650
2021,580118756,扶桑薬品工業株式会社,特定事業所排出者,化学工業,大阪府大阪市,23135
2021,985384003,大日精化工業株式会社,特定事業所排出者,化学工業,東京都中央区,23045
2021,985733507,フジオーゼックス株式会社,特定事業所排出者,輸送用機械器具製造業,静岡県菊川市,23044
2021,240184131,元気寿司株式会社,特定事業所排出者,飲食店,栃木県宇都宮市,22549
2021,230017372,株式会社キッツ,特定事業所排出者,はん用機械器具製造業,千葉県千葉市,22484
2021,582297084,株式会社フジシール,特定事業所排出者,印刷・同関連業,大阪府大阪市,22344
2021,10134859,株式会社北洋銀行,特定事業所排出者,銀行業,北海道札幌市,22292
2021,985763909,株式会社牧野フライス製作所,特定事業所排出者,生産用機械器具製造業,神奈川県愛川町,22046
2021,581915341,さくらインターネット株式会社,特定事業所排出者,通信業,大阪府大阪市,22025
2021,986379330,東京地下鉄株式会社,特定事業所排出者,不動産賃貸業・管理業,東京都台東区,21875
2021,985142906,キユーピー株式会社,特定荷主,食料品製造業,東京都渋谷区,21725
2021,580046998,株式会社カネカ,特定荷主,化学工業,大阪府大阪市,21704
2021,985572701,株式会社中村屋,特定事業所排出者,食料品製造業,東京都新宿区,21692
2021,985855107,ライオン株式会社,特定荷主,化学工業,東京都墨田区,21667
2021,270041532,株式会社フコク,特定事業所排出者,ゴム製品製造業,埼玉県上尾市,21648
2021,400068081,株式会社ソトー,特定事業所排出者,繊維工業,愛知県一宮市,21271
2021,400062864,株式会社スズケン,特定事業所排出者,その他の卸売業,愛知県名古屋市,21185
2021,720021141,阿波製紙株式会社,特定事業所排出者,パルプ・紙・紙加工品製造業,徳島県徳島市,21183
2021,400055986,三和油化工業株式会社,特定事業所排出者,化学工業,愛知県刈谷市,20909
2021,985420932,株式会社チヨダ,特定事業所排出者,織物・衣服・身の回り品小売業,東京都杉並区,20908
2021,260058438,パウダーテック株式会社,特定事業所排出者,鉄鋼業,千葉県柏市,20888
2021,985104100,沖電気工業株式会社,特定事業所排出者,情報通信機械器具製造業,東京都港区,20855
2021,540046358,多木化学株式会社,特定事業所排出者,化学工業,兵庫県加古川市,20799
2021,988911175,日本ロジスティクスファンド投資法人,特定事業所排出者,貸金業，クレジットカード業等非預金信用機関,東京都千代田区,20715
2021,580007523,ユニチカ株式会社,特定荷主,化学工業,大阪府大阪市,20455
2021,580021891,新田ゼラチン株式会社,特定事業所排出者,化学工業,大阪府八尾市,20327
2021,985115506,科研製薬株式会社,特定事業所排出者,化学工業,東京都文京区,20282
2021,580212121,日本山村硝子株式会社,特定荷主,窯業・土石製品製造業,兵庫県尼崎市,20268
2021,270839108,株式会社キャンドゥ,特定事業所排出者,織物・衣服・身の回り品小売業,東京都新宿区,20149
2021,270250176,株式会社安楽亭,特定事業所排出者,飲食店,埼玉県さいたま市,19969
2021,985346700,住友金属鉱山株式会社,特定荷主,非鉄金属製造業,東京都港区,19899
2021,580378263,伊藤忠エネクス株式会社,特定荷主,建築材料，鉱物・金属材料等卸売業,東京都千代田区,19855
2021,370028140,ダイト株式会社,特定事業所排出者,化学工業,富山県富山市,19525
2021,985081533,オリックス株式会社,特定事業所排出者,物品賃貸業,東京都港区,19519
2021,985786805,三井物産株式会社,特定荷主,各種商品卸売業,東京都千代田区,19469
2021,530041142,三ツ星ベルト株式会社,特定事業所排出者,ゴム製品製造業,兵庫県神戸市,19438
2021,985833601,山九株式会社,特定事業所排出者,倉庫業,東京都中央区,19327
2021,410025560,ユニプレス株式会社,特定事業所排出者,輸送用機械器具製造業,神奈川県横浜市,19208
2021,985845808,有機合成薬品工業株式会社,特定事業所排出者,化学工業,東京都中央区,19184
2021,980885721,株式会社ＵＡＣＪ,特定荷主,非鉄金属製造業,東京都千代田区,19083
2021,440105474,フタバ産業株式会社,特定荷主,輸送用機械器具製造業,愛知県岡崎市,19060
2021,985211208,株式会社サンエー化研,特定事業所排出者,プラスチック製品製造業（別掲を除く）,東京都中央区,19028
2021,985630500,日東富士製粉株式会社,特定事業所排出者,食料品製造業,東京都中央区,18969
2021,400072421,株式会社ダイセキ,特定事業所排出者,廃棄物処理業,愛知県名古屋市,18906
2021,985866101,株式会社佐藤渡辺,特定事業所排出者,総合工事業,東京都港区,18813
2021,985785601,三井金属鉱業株式会社,特定荷主,非鉄金属製造業,東京都品川区,18551
2021,985793701,三菱マテリアル株式会社,特定荷主,非鉄金属製造業,東京都千代田区,18534
2021,400106243,日東工業株式会社（愛知県）,特定事業所排出者,電気機械器具製造業,愛知県長久手市,18454
2021,580066239,コクヨ株式会社,特定事業所排出者,その他の製造業,大阪府大阪市,18360
2021,985231659,三井住建道路株式会社,特定事業所排出者,石油製品・石炭製品製造業,東京都新宿区,18310
2021,617015471,不二製油株式会社,特定荷主,食料品製造業,大阪府泉佐野市,18273
2021,580002410,ダイキン工業株式会社,特定荷主,はん用機械器具製造業,大阪府大阪市,18271
2021,985061307,ウシオ電機株式会社,特定事業所排出者,電気機械器具製造業,東京都千代田区,18225
2021,988825433,株式会社テラプローブ,特定事業所排出者,電子部品・デバイス・電子回路製造業,神奈川県横浜市,18168
2021,530186435,株式会社ロック・フィールド,特定事業所排出者,食料品製造業,兵庫県神戸市,18158
2021,985073809,株式会社荏原製作所,特定事業所排出者,はん用機械器具製造業,東京都大田区,18137
2021,200307836,株式会社横浜銀行,特定事業所排出者,銀行業,神奈川県横浜市,18027
2021,580320183,株式会社グルメ杵屋,特定事業所排出者,飲食店,大阪府大阪市,17878
2021,980551511,かどや製油株式会社,特定事業所排出者,食料品製造業,東京都品川区,17758
2021,400347640,株式会社木曽路,特定事業所排出者,飲食店,愛知県名古屋市,17717
2021,370067952,株式会社タカギセイコー,特定事業所排出者,プラスチック製品製造業（別掲を除く）,富山県高岡市,17654
2021,985646143,セコム株式会社,特定事業所排出者,その他の事業サービス業,東京都渋谷区,17604
2021,580026242,加藤産業株式会社,特定荷主,飲食料品卸売業,兵庫県西宮市,17589
2021,10108591,日糧製パン株式会社,特定事業所排出者,食料品製造業,北海道札幌市,17511
2021,410017049,日本プラスト株式会社,特定事業所排出者,輸送用機械器具製造業,静岡県富士宮市,17366
2021,987601839,アスクル株式会社,特定事業所排出者,その他の小売業,東京都江東区,17103
2021,10307791,日本調剤株式会社,特定事業所排出者,その他の小売業,東京都千代田区,17028
2021,370000096,朝日印刷株式会社,特定事業所排出者,印刷・同関連業,富山県富山市,16921
2021,200106551,株式会社アマダ,特定事業所排出者,生産用機械器具製造業,神奈川県伊勢原市,16695
2021,985300602,シチズン時計株式会社,特定事業所排出者,その他の製造業,東京都西東京市,16611
2021,980951076,大成ラミック株式会社,特定事業所排出者,プラスチック製品製造業（別掲を除く）,埼玉県白岡市,16519
2021,530043227,日本毛織株式会社,特定事業所排出者,繊維工業,大阪府大阪市,16488
2021,400145457,名港海運株式会社,特定事業所排出者,運輸に附帯するサービス業,愛知県名古屋市,16411
2021,240041694,仙波糖化工業株式会社,特定事業所排出者,食料品製造業,栃木県真岡市,16321
2021,600196273,株式会社あじかん,特定事業所排出者,食料品製造業,広島県広島市,16311
2021,985606809,日機装株式会社,特定事業所排出者,業務用機械器具製造業,東京都渋谷区,16271
2021,400420801,サガミレストランツ株式会社,特定事業所排出者,飲食店,愛知県名古屋市,15936
2021,580322544,丸大食品株式会社,特定荷主,食料品製造業,大阪府高槻市,15879
2021,985791609,株式会社ミクニ,特定事業所排出者,輸送用機械器具製造業,東京都千代田区,15768
2021,982340785,株式会社エージーピー,特定事業所排出者,運輸に附帯するサービス業,東京都大田区,15637
2021,985525200,東邦アセチレン株式会社,特定事業所排出者,化学工業,宮城県多賀城市,15485
2021,982276138,ユニオンツール株式会社,特定事業所排出者,生産用機械器具製造業,東京都品川区,15438
2021,985150677,株式会社ジーテクト,特定事業所排出者,輸送用機械器具製造業,埼玉県さいたま市,15399
2021,985735708,アルフレッサ株式会社,特定事業所排出者,その他の卸売業,東京都千代田区,15085
2021,580464236,株式会社ダスキン,特定荷主,その他のサービス業,大阪府吹田市,15042
2021,985314608,松竹株式会社,特定事業所排出者,映像・音声・文字情報制作業,東京都中央区,14833
2021,581716098,株式会社日本エスコン,特定事業所排出者,不動産賃貸業・管理業,東京都港区,14782
2021,985694301,長谷川香料株式会社,特定事業所排出者,化学工業,東京都中央区,14775
2021,718002004,株式会社ＲＳＴｅｃｈｎｏｌｏｇｉｅｓ,特定事業所排出者,金属製品製造業,東京都品川区,14744
2021,580516950,ダイハツディーゼル株式会社,特定事業所排出者,輸送用機械器具製造業,大阪府大阪市,14641
2021,430018867,株式会社エフ・シー・シー,特定事業所排出者,輸送用機械器具製造業,静岡県浜松市,14574
2021,646020521,株式会社ＫＯＫＵＳＡＩＥＬＥＣＴＲＩＣ,特定事業所排出者,生産用機械器具製造業,東京都千代田区,14566
2021,985426300,中越パルプ工業株式会社,特定荷主,パルプ・紙・紙加工品製造業,東京都千代田区,14530
2021,580022136,株式会社ツバキ・ナカシマ,特定事業所排出者,はん用機械器具製造業,奈良県葛城市,14518
2021,970229903,株式会社やまびこ,特定事業所排出者,生産用機械器具製造業,東京都青梅市,14508
2021,650003357,株式会社ファーストリテイリング,特定事業所排出者,織物・衣服・身の回り品小売業,山口県山口市,14497
2021,985744304,古河電気工業株式会社,特定荷主,非鉄金属製造業,東京都千代田区,14400
2021,986126068,合同酒精株式会社,特定荷主,飲料・たばこ・飼料製造業,東京都墨田区,14260
2021,270056992,イーグル工業株式会社,特定事業所排出者,金属製品製造業,東京都港区,14252
2021,200494022,株式会社コナカ,特定事業所排出者,織物・衣服・身の回り品小売業,神奈川県横浜市,14146
2021,985525308,東邦亜鉛株式会社,特定荷主,非鉄金属製造業,東京都千代田区,14137
2021,450030921,株式会社大光,特定事業所排出者,飲食料品卸売業,岐阜県大垣市,14136
2021,980949784,ジオマテック株式会社,特定事業所排出者,情報通信機械器具製造業,神奈川県横浜市,14114
2021,530316763,ケミプロ化成株式会社,特定事業所排出者,化学工業,兵庫県神戸市,14084
2021,470015734,株式会社安永,特定事業所排出者,輸送用機械器具製造業,三重県伊賀市,14082
2021,530003811,日本精化株式会社,特定事業所排出者,化学工業,大阪府大阪市,14047
2021,984033139,松田産業株式会社,特定事業所排出者,建築材料，鉱物・金属材料等卸売業,東京都新宿区,13854
2021,985640702,日本化学産業株式会社,特定事業所排出者,化学工業,東京都台東区,13813
2021,580316019,株式会社ライフドリンクカンパニー,特定荷主,飲料・たばこ・飼料製造業,大阪府大阪市,13791
2021,370020007,三光合成株式会社,特定事業所排出者,プラスチック製品製造業（別掲を除く）,富山県南砺市,13706
2021,250304627,株式会社アダストリア,特定事業所排出者,織物・衣服・身の回り品小売業,東京都渋谷区,13587
2021,985732180,冨士ダイス株式会社,特定事業所排出者,生産用機械器具製造業,東京都大田区,13586
2021,986249362,株式会社パイロットコーポレーション,特定事業所排出者,その他の製造業,東京都中央区,13575
2021,200309975,東部ネットワーク株式会社,特定貨物輸送事業者,道路貨物運送業,神奈川県横浜市,13500
2021,985023807,株式会社ＡＤＥＫＡ,特定荷主,化学工業,東京都荒川区,13428
2021,988775190,株式会社カーブスジャパン,特定事業所排出者,娯楽業,東京都港区,13256
2021,380050117,ニッコー株式会社,特定事業所排出者,窯業・土石製品製造業,石川県白山市,13147
2021,200268658,日本鋳造株式会社,特定事業所排出者,鉄鋼業,神奈川県川崎市,13124
2021,860037149,株式会社サニックス,特定事業所排出者,廃棄物処理業,福岡県福岡市,13117
2021,985093795,株式会社大塚商会,特定事業所排出者,情報サービス業,東京都千代田区,13105
2021,985722307,プリマハム株式会社,特定荷主,食料品製造業,東京都品川区,13048
2021,580008914,永大産業株式会社,特定荷主,木材・木製品製造業（家具を除く）,大阪府大阪市,12993
2021,985462709,東亞合成株式会社,特定荷主,化学工業,東京都港区,12938
2021,985710807,日立建機株式会社,特定荷主,生産用機械器具製造業,茨城県土浦市,12922
2021,740054417,三浦工業株式会社,特定事業所排出者,はん用機械器具製造業,愛媛県松山市,12887
2021,581492093,株式会社あさひ,特定事業所排出者,機械器具小売業,大阪府大阪市,12828
2021,400394041,株式会社壱番屋,特定事業所排出者,飲食店,愛知県一宮市,12756
2021,580013988,ＮＴＮ株式会社,特定荷主,はん用機械器具製造業,大阪府大阪市,12686
2021,330212413,株式会社共和コーポレーション,特定事業所排出者,娯楽業,長野県長野市,12651
2021,610013457,はるやま商事株式会社,特定事業所排出者,織物・衣服・身の回り品小売業,岡山県岡山市,12548
2021,400127379,株式会社マキタ（愛知県）,特定事業所排出者,生産用機械器具製造業,愛知県安城市,12546
2021,450012038,株式会社トーカイ（岐阜県）,特定事業所排出者,洗濯・理容・美容・浴場業,岐阜県岐阜市,12484
2021,400996871,株式会社ダイセキ環境ソリューション,特定荷主,廃棄物処理業,愛知県名古屋市,12465
2021,400119911,株式会社フジミインコーポレーテッド,特定事業所排出者,窯業・土石製品製造業,愛知県清須市,12394
2021,985681705,日本郵船株式会社,特定事業所排出者,運輸に附帯するサービス業,東京都千代田区,12388
2021,271134592,曙ブレーキ岩槻製造株式会社,特定事業所排出者,輸送用機械器具製造業,埼玉県さいたま市,12332
2021,113015451,株式会社アインファーマシーズ,特定事業所排出者,その他の小売業,北海道札幌市,12328
2021,510457334,株式会社チャーム・ケア・コーポレーション,特定事業所排出者,社会保険・社会福祉・介護事業,大阪府大阪市,12319
2021,985186105,株式会社小糸製作所,特定荷主,電気機械器具製造業,東京都港区,12289
2021,850060653,株式会社リンガーハット,特定事業所排出者,飲食店,東京都品川区,12225
2021,985672804,日本特殊塗料株式会社,特定事業所排出者,輸送用機械器具製造業,東京都北区,12159
2021,180025155,株式会社ダイユーエイト,特定事業所排出者,その他の小売業,福島県福島市,12118
2021,985141702,株式会社関電工,特定事業所排出者,設備工事業,東京都港区,12111
2021,570091283,コーナン商事株式会社,特定荷主,その他の小売業,大阪府大阪市,12097
2021,985660705,日本精工株式会社,特定荷主,はん用機械器具製造業,東京都品川区,12055
2021,580074375,フジコピアン株式会社,特定事業所排出者,印刷・同関連業,大阪府大阪市,12024
2021,985464409,東映株式会社,特定事業所排出者,映像・音声・文字情報制作業,東京都中央区,11955
2021,580006885,株式会社名村造船所,特定事業所排出者,輸送用機械器具製造業,大阪府大阪市,11893
2021,651008993,株式会社ジュンテンドー,特定事業所排出者,その他の小売業,島根県益田市,11807
2021,580026242,加藤産業株式会社,特定事業所排出者,飲食料品卸売業,兵庫県西宮市,11765
2021,580352113,株式会社ＭＯＲＥＳＣＯ,特定事業所排出者,石油製品・石炭製品製造業,兵庫県神戸市,11753
2021,985023558,旭ダイヤモンド工業株式会社,特定事業所排出者,生産用機械器具製造業,東京都千代田区,11738
2021,420037205,はごろもフーズ株式会社,特定事業所排出者,食料品製造業,静岡県静岡市,11664
2021,580033041,関西ペイント株式会社,特定荷主,化学工業,大阪府大阪市,11579
2021,985561805,那須電機鉄工株式会社,特定事業所排出者,金属製品製造業,東京都新宿区,11517
2021,980516638,株式会社ビー・エム・エル,特定事業所排出者,医療業,埼玉県川越市,11347
2021,580068000,丸一鋼管株式会社,特定荷主,鉄鋼業,大阪府大阪市,11319
2021,890084079,株式会社新日本科学,特定事業所排出者,学術・開発研究機関,鹿児島県鹿児島市,11216
2021,580388091,尾家産業株式会社,特定貨物輸送事業者,飲食料品卸売業,大阪府大阪市,11200
2021,400448741,株式会社ブロンコビリー,特定事業所排出者,飲食店,愛知県名古屋市,11194
2021,410096445,南部化成株式会社,特定事業所排出者,プラスチック製品製造業（別掲を除く）,静岡県吉田町,11166
2021,580388091,尾家産業株式会社,特定事業所排出者,飲食料品卸売業,大阪府大阪市,11165
2021,985671001,日本電波工業株式会社,特定事業所排出者,電子部品・デバイス・電子回路製造業,東京都渋谷区,11146
2021,260063008,双葉電子工業株式会社,特定事業所排出者,電子部品・デバイス・電子回路製造業,千葉県茂原市,11062
2021,570004902,モリ工業株式会社,特定事業所排出者,鉄鋼業,大阪府河内長野市,10995
2021,450028001,未来工業株式会社,特定事業所排出者,プラスチック製品製造業（別掲を除く）,岐阜県輪之内町,10971
2021,60032383,株式会社ホクリヨウ,特定事業所排出者,農業,北海道札幌市,10968
2021,580241811,ニプロ株式会社,特定荷主,業務用機械器具製造業,大阪府大阪市,10951
2021,400829264,株式会社あみやき亭,特定事業所排出者,飲食店,愛知県春日井市,10943
2021,580086410,日本ピラー工業株式会社,特定事業所排出者,はん用機械器具製造業,大阪府大阪市,10925
2021,400126415,ホシザキ株式会社,特定事業所排出者,はん用機械器具製造業,愛知県豊明市,10782
2021,985331903,シンフォニアテクノロジー株式会社,特定事業所排出者,電気機械器具製造業,東京都港区,10750
2021,460020866,株式会社柿安本店,特定事業所排出者,飲食料品小売業,三重県桑名市,10679
2021,985723402,リンテック株式会社,特定荷主,その他の製造業,東京都板橋区,10673
2021,985004202,アンリツ株式会社,特定事業所排出者,電気機械器具製造業,神奈川県厚木市,10639
2021,600053271,株式会社広島銀行,特定事業所排出者,銀行業,広島県広島市,10637
2021,980947289,ＳＢＳリコーロジスティクス株式会社,特定事業所排出者,倉庫業,東京都新宿区,10631
2021,981036772,株式会社エフテック,特定事業所排出者,輸送用機械器具製造業,埼玉県久喜市,10614
2021,200262663,株式会社放電精密加工研究所,特定事業所排出者,はん用機械器具製造業,神奈川県横浜市,10605
2021,580014081,株式会社ダイフク,特定事業所排出者,はん用機械器具製造業,大阪府大阪市,10532
2021,985188404,株式会社コーセー,特定事業所排出者,化学工業,東京都中央区,10522
2021,985144105,木徳神糧株式会社,特定事業所排出者,食料品製造業,東京都千代田区,10418
2021,985735708,アルフレッサ株式会社,特定貨物輸送事業者,その他の卸売業,東京都千代田区,10300
2021,985561206,株式会社なとり,特定事業所排出者,食料品製造業,東京都北区,10268
2021,800180205,株式会社ダイショー,特定事業所排出者,食料品製造業,福岡県福岡市,10253
2021,400004332,愛知電機株式会社,特定事業所排出者,電気機械器具製造業,愛知県春日井市,10220
2021,985376100,大成建設株式会社,特定事業所排出者,総合工事業,東京都新宿区,10200
2021,980645457,トーイン株式会社,特定事業所排出者,パルプ・紙・紙加工品製造業,東京都江東区,10155
2021,985134029,川崎汽船株式会社,特定事業所排出者,水運業,東京都千代田区,10147
2021,985338299,鈴与シンワート株式会社,特定事業所排出者,情報サービス業,東京都港区,10123
2021,985495906,東芝テック株式会社,特定事業所排出者,電気機械器具製造業,東京都品川区,10111
2021,985760809,マックス株式会社,特定事業所排出者,生産用機械器具製造業,東京都中央区,10085
2021,982145010,エバラ食品工業株式会社,特定事業所排出者,食料品製造業,神奈川県横浜市,10039
2021,285011306,株式会社ベルシステム２４,特定事業所排出者,その他の事業サービス業,東京都港区,10022
2021,985821600,森永製菓株式会社,特定荷主,食料品製造業,東京都港区,10017
2021,985793407,三菱鉛筆株式会社,特定事業所排出者,その他の製造業,東京都品川区,10016
2021,988400924,株式会社田谷,特定事業所排出者,洗濯・理容・美容・浴場業,東京都渋谷区,9973
2021,400031911,兼房株式会社,特定事業所排出者,金属製品製造業,愛知県大口町,9949
2021,340050506,株式会社コロナ,特定荷主,電気機械器具製造業,新潟県三条市,9717
2021,580106577,恵和株式会社,特定事業所排出者,プラスチック製品製造業（別掲を除く）,東京都中央区,9712
2021,500018564,日本新薬株式会社,特定事業所排出者,化学工業,京都府京都市,9669
2021,400049334,佐藤食品工業株式会社,特定事業所排出者,食料品製造業,愛知県小牧市,9644
2021,200270020,日本発条株式会社,特定荷主,輸送用機械器具製造業,神奈川県横浜市,9623
2021,985786805,三井物産株式会社,特定事業所排出者,各種商品卸売業,東京都千代田区,9617
2021,985744707,文化シヤッター株式会社,特定事業所排出者,金属製品製造業,東京都文京区,9565
2021,400095131,豊田通商株式会社,特定荷主,各種商品卸売業,愛知県名古屋市,9379
2021,985495503,東京鐵鋼株式会社,特定荷主,鉄鋼業,東京都千代田区,9363
2021,400004029,愛知製鋼株式会社,特定荷主,鉄鋼業,愛知県東海市,9327
2021,200312513,横浜冷凍株式会社,特定荷主,飲食料品卸売業,神奈川県横浜市,9301
2021,981006497,日本システムウエア株式会社,特定事業所排出者,情報サービス業,東京都渋谷区,9297
2021,201978129,株式会社ＪＶＣケンウッド,特定事業所排出者,電子部品・デバイス・電子回路製造業,神奈川県横浜市,9263
2021,200137262,神奈川中央交通株式会社,特定事業所排出者,道路旅客運送業,神奈川県平塚市,9238
2021,985472901,東京エレクトロン株式会社,特定荷主,生産用機械器具製造業,東京都港区,9192
2021,380034221,澁谷工業株式会社,特定事業所排出者,生産用機械器具製造業,石川県金沢市,9147
2021,985350801,ゼリア新薬工業株式会社,特定事業所排出者,化学工業,東京都中央区,9119
2021,260287664,株式会社サイゼリヤ,特定荷主,飲食店,埼玉県吉川市,9096
2021,985863904,わかもと製薬株式会社,特定事業所排出者,化学工業,東京都中央区,9021
2021,400107868,日本車輌製造株式会社,特定事業所排出者,輸送用機械器具製造業,愛知県名古屋市,8984
2021,810000811,株式会社井筒屋,特定事業所排出者,各種商品小売業,福岡県北九州市,8962
2021,400083102,中部飼料株式会社,特定荷主,飲料・たばこ・飼料製造業,愛知県名古屋市,8945
2021,987601839,アスクル株式会社,特定荷主,その他の小売業,東京都江東区,8943
2021,530138124,ケンコーマヨネーズ株式会社,特定荷主,食料品製造業,東京都杉並区,8894
2021,985681302,日油株式会社,特定荷主,化学工業,東京都渋谷区,8884
2021,982373946,株式会社サックスバーホールディングス,特定事業所排出者,織物・衣服・身の回り品小売業,東京都葛飾区,8831
2021,340292445,株式会社トップカルチャー,特定事業所排出者,その他の小売業,新潟県新潟市,8829
2021,985142611,キヤノンマーケティングジャパン株式会社,特定事業所排出者,機械器具卸売業,東京都港区,8827
2021,500124217,日本電産株式会社,特定事業所排出者,電子部品・デバイス・電子回路製造業,京都府京都市,8793
2021,530010128,川西倉庫株式会社,特定事業所排出者,倉庫業,兵庫県神戸市,8761
2021,617001903,ＫＨネオケム株式会社,特定荷主,化学工業,東京都中央区,8724
2021,270046172,株式会社マルエツ,特定荷主,各種商品小売業,東京都豊島区,8678
2021,340050506,株式会社コロナ,特定事業所排出者,電気機械器具製造業,新潟県三条市,8639
2021,985091979,日本ロジテム株式会社,特定事業所排出者,道路貨物運送業,東京都港区,8608
2021,985622301,株式会社ニッチツ,特定事業所排出者,生産用機械器具製造業,東京都港区,8556
2021,985480707,東京計器株式会社,特定事業所排出者,電気機械器具製造業,東京都大田区,8538
2021,820013705,鳥越製粉株式会社,特定事業所排出者,食料品製造業,福岡県福岡市,8531
2021,580015516,神東塗料株式会社,特定事業所排出者,化学工業,兵庫県尼崎市,8494
2021,985600940,株式会社ニフコ,特定事業所排出者,プラスチック製品製造業（別掲を除く）,神奈川県横須賀市,8455
2021,985732902,富士電機株式会社,特定荷主,電気機械器具製造業,東京都品川区,8442
2021,330016761,株式会社八十二銀行,特定事業所排出者,銀行業,長野県長野市,8440
2021,981036997,株式会社シーイーシー,特定事業所排出者,情報サービス業,東京都渋谷区,8413
2021,985364280,株式会社タムロン,特定事業所排出者,業務用機械器具製造業,埼玉県さいたま市,8410
2021,580063667,タイガースポリマー株式会社,特定事業所排出者,ゴム製品製造業,大阪府豊中市,8342
2021,985642108,日本フイルコン株式会社,特定事業所排出者,金属製品製造業,東京都稲城市,8279
2021,580894246,株式会社スタジオアリス,特定事業所排出者,技術サービス業（他に分類されないもの）,大阪府大阪市,8257
2021,985000787,アコム株式会社,特定事業所排出者,貸金業，クレジットカード業等非預金信用機関,東京都千代田区,8250
2021,983800979,株式会社ハーモニック・ドライブ・システムズ,特定事業所排出者,はん用機械器具製造業,東京都品川区,8235
2021,985681204,日本冶金工業株式会社,特定荷主,鉄鋼業,東京都中央区,8182
2021,800055341,イフジ産業株式会社,特定事業所排出者,食料品製造業,福岡県粕屋町,8153
2021,985364708,株式会社タムラ製作所,特定事業所排出者,電子部品・デバイス・電子回路製造業,東京都練馬区,8133
2021,500107029,シライ電子工業株式会社,特定事業所排出者,電子部品・デバイス・電子回路製造業,滋賀県野洲市,8071
2021,581100003,西日本旅客鉄道株式会社,特定事業所排出者,鉄道業,大阪府大阪市,8009
2021,570009570,堺化学工業株式会社,特定荷主,化学工業,大阪府堺市,7971
2021,985630500,日東富士製粉株式会社,特定荷主,食料品製造業,東京都中央区,7922
2021,200174678,株式会社山王,特定事業所排出者,金属製品製造業,神奈川県横浜市,7870
2021,985851108,横河電機株式会社,特定事業所排出者,電気機械器具製造業,東京都武蔵野市,7807
2021,360005268,株式会社ナルス,特定事業所排出者,飲食料品小売業,新潟県上越市,7800
2021,400082929,中部鋼鈑株式会社,特定荷主,鉄鋼業,愛知県名古屋市,7800
2021,500025003,三洋化成工業株式会社,特定荷主,化学工業,京都府京都市,7773
2021,200479671,黒田精工株式会社,特定事業所排出者,はん用機械器具製造業,神奈川県川崎市,7750
2021,982013576,株式会社ソラスト,特定事業所排出者,その他のサービス業,東京都港区,7711
2021,580007917,株式会社きんでん,特定事業所排出者,設備工事業,大阪府大阪市,7667
2021,985362703,綜研化学株式会社,特定事業所排出者,化学工業,東京都豊島区,7606
2021,180007371,株式会社東邦銀行,特定事業所排出者,銀行業,福島県福島市,7585
2021,580037596,京阪神ビルディング株式会社,特定事業所排出者,不動産賃貸業・管理業,大阪府大阪市,7561
2021,580000845,シャープ株式会社,特定荷主,電子部品・デバイス・電子回路製造業,大阪府堺市,7508
2021,580046165,株式会社大紀アルミニウム工業所,特定荷主,非鉄金属製造業,大阪府大阪市,7502
2021,450002873,サンメッセ株式会社,特定事業所排出者,印刷・同関連業,岐阜県大垣市,7460
2021,580066239,コクヨ株式会社,特定荷主,その他の製造業,大阪府大阪市,7459
2021,400324233,株式会社ジーフット,特定事業所排出者,織物・衣服・身の回り品小売業,東京都中央区,7445
2021,620018223,リョービ株式会社,特定荷主,非鉄金属製造業,広島県府中市,7436
2021,400905240,株式会社ユー・エス・エス,特定事業所排出者,その他のサービス業,愛知県東海市,7428
2021,200497605,株式会社ソディック,特定事業所排出者,生産用機械器具製造業,神奈川県横浜市,7426
2021,400004459,愛知時計電機株式会社,特定事業所排出者,業務用機械器具製造業,愛知県名古屋市,7321
2021,580220830,ダイジェット工業株式会社,特定事業所排出者,生産用機械器具製造業,大阪府大阪市,7303
2021,985794306,三菱重工業株式会社,特定荷主,はん用機械器具製造業,東京都千代田区,7255
2021,985350103,セントラル硝子株式会社,特定荷主,窯業・土石製品製造業,東京都千代田区,7171
2021,100331534,株式会社ホットマン,特定事業所排出者,機械器具小売業,宮城県仙台市,7158
2021,350070342,ヨネックス株式会社,特定事業所排出者,その他の製造業,東京都文京区,7113
2021,985773208,ソマール株式会社,特定事業所排出者,建築材料，鉱物・金属材料等卸売業,東京都中央区,7095
2021,400062864,株式会社スズケン,特定貨物輸送事業者,機械器具卸売業,愛知県名古屋市,7080
2021,985762803,前澤化成工業株式会社,特定事業所排出者,プラスチック製品製造業（別掲を除く）,東京都中央区,7011
2021,400126184,豊和工業株式会社,特定事業所排出者,生産用機械器具製造業,愛知県清須市,7009
2021,200189213,株式会社シンニッタン,特定事業所排出者,鉄鋼業,茨城県高萩市,6976
2021,985091979,日本ロジテム株式会社,特定貨物輸送事業者,道路貨物運送業,東京都港区,6950
2021,985314789,株式会社ＳＨＯＥＩ,特定事業所排出者,その他の製造業,東京都台東区,6949
2021,200109016,株式会社イクヨ,特定事業所排出者,プラスチック製品製造業（別掲を除く）,神奈川県厚木市,6935
2021,580291528,株式会社サンユウ,特定事業所排出者,鉄鋼業,大阪府枚方市,6910
2021,500062007,京セラ株式会社,特定荷主,電子部品・デバイス・電子回路製造業,京都府京都市,6868
2021,985840651,ジェコス株式会社,特定荷主,物品賃貸業,東京都中央区,6850
2021,400003747,株式会社アイチコーポレーション,特定事業所排出者,輸送用機械器具製造業,埼玉県上尾市,6818
2021,400048364,株式会社サンゲツ,特定荷主,建築材料，鉱物・金属材料等卸売業,愛知県名古屋市,6797
2021,985141604,関東電化工業株式会社,特定荷主,化学工業,東京都千代田区,6792
2021,980644478,竹本容器株式会社,特定事業所排出者,プラスチック製品製造業（別掲を除く）,東京都台東区,6787
2021,985384003,大日精化工業株式会社,特定荷主,化学工業,東京都中央区,6720
2021,982661450,パンチ工業株式会社,特定事業所排出者,生産用機械器具製造業,東京都品川区,6696
2021,985193709,児玉化学工業株式会社,特定事業所排出者,プラスチック製品製造業（別掲を除く）,東京都千代田区,6682
2021,350007367,北越メタル株式会社,特定荷主,鉄鋼業,新潟県長岡市,6542
2021,580651103,株式会社千趣会,特定荷主,その他の小売業,大阪府大阪市,6532
2021,270181239,ＡＧＳ株式会社,特定事業所排出者,情報サービス業,埼玉県さいたま市,6478
2021,985675501,日本フエルト株式会社,特定事業所排出者,繊維工業,東京都北区,6471
2021,200343421,株式会社さいか屋,特定事業所排出者,各種商品小売業,神奈川県横須賀市,6433
2021,985024303,東海運株式会社,特定事業所排出者,倉庫業,東京都中央区,6416
2021,540029268,グローリー株式会社,特定事業所排出者,業務用機械器具製造業,兵庫県姫路市,6394
2021,610005384,岡山県貨物運送株式会社,特定事業所排出者,道路貨物運送業,岡山県岡山市,6384
2021,985670407,新日本電工株式会社,特定荷主,鉄鋼業,東京都中央区,6383
2021,870031327,平田機工株式会社,特定事業所排出者,生産用機械器具製造業,熊本県熊本市,6366
2021,420037205,はごろもフーズ株式会社,特定荷主,食料品製造業,静岡県静岡市,6330
2021,160011036,株式会社かわでん,特定事業所排出者,電気機械器具製造業,山形県南陽市,6311
2021,580118219,朝日放送グループホールディングス株式会社,特定事業所排出者,放送業,大阪府大阪市,6229
2021,270044703,テイ・エステック株式会社,特定事業所排出者,輸送用機械器具製造業,埼玉県朝霞市,6209
2021,65042865,株式会社ヴィレッジヴァンガード,特定事業所排出者,各種商品小売業,愛知県名古屋市,6173
2021,580003435,株式会社ヨータイ,特定荷主,窯業・土石製品製造業,大阪府貝塚市,6158
2021,870102993,株式会社マルハニチロ九州,特定事業所排出者,食料品製造業,熊本県菊陽町,6153
2021,401141944,株式会社扇屋東日本,特定事業所排出者,飲食店,東京都新宿区,6097
2021,515058252,株式会社カクヤス,特定事業所排出者,飲食料品小売業,東京都北区,6045
2021,985466806,東海カーボン株式会社,特定荷主,窯業・土石製品製造業,東京都港区,6016
2021,985390806,大平洋金属株式会社,特定荷主,鉄鋼業,東京都千代田区,6008
2021,400014025,石塚硝子株式会社,特定荷主,窯業・土石製品製造業,愛知県岩倉市,5986
2021,400470911,株式会社コモ,特定事業所排出者,食料品製造業,愛知県小牧市,5981
2021,985144876,パラマウントベッド株式会社,特定事業所排出者,家具・装備品製造業,東京都江東区,5981
2021,580023751,株式会社池田泉州銀行,特定事業所排出者,銀行業,大阪府大阪市,5950
2021,580252261,エスペック株式会社,特定事業所排出者,業務用機械器具製造業,大阪府大阪市,5932
2021,580064771,日東電工株式会社,特定荷主,化学工業,大阪府大阪市,5916
2021,530062376,株式会社ノーリツ,特定事業所排出者,金属製品製造業,兵庫県神戸市,5907
2021,270042217,株式会社武蔵野銀行,特定事業所排出者,銀行業,埼玉県さいたま市,5899
2021,985415001,株式会社タチエス,特定事業所排出者,輸送用機械器具製造業,東京都昭島市,5898
2021,982032885,株式会社アートネイチャー,特定事業所排出者,その他の事業サービス業,東京都渋谷区,5811
2021,991210494,千葉ウエックス株式会社,特定事業所排出者,洗濯・理容・美容・浴場業,千葉県松戸市,5792
2021,570004902,モリ工業株式会社,特定荷主,鉄鋼業,大阪府河内長野市,5772
2021,985114509,株式会社加藤製作所,特定事業所排出者,生産用機械器具製造業,東京都品川区,5770
2021,510305691,株式会社イムラ封筒,特定事業所排出者,パルプ・紙・紙加工品製造業,大阪府大阪市,5745
2021,580013351,シキボウ株式会社,特定事業所排出者,繊維工業,大阪府大阪市,5733
2021,580378263,伊藤忠エネクス株式会社,特定事業所排出者,建築材料，鉱物・金属材料等卸売業,東京都千代田区,5703
2021,580455148,トラスコ中山株式会社,特定事業所排出者,機械器具卸売業,東京都港区,5671
2021,710048348,株式会社百十四銀行,特定事業所排出者,銀行業,香川県高松市,5650
2021,985056307,アネスト岩田株式会社,特定事業所排出者,はん用機械器具製造業,神奈川県横浜市,5646
2021,201844321,株式会社コロワイドＭＤ,特定事業所排出者,食料品製造業,神奈川県横浜市,5627
2021,530062376,株式会社ノーリツ,特定荷主,金属製品製造業,兵庫県神戸市,5623
2021,740010029,株式会社愛媛銀行,特定事業所排出者,銀行業,愛媛県松山市,5619
2021,580118756,扶桑薬品工業株式会社,特定荷主,化学工業,大阪府大阪市,5614
2021,817059005,パナソニックエンターテインメント＆コミュニケーション株式会社,特定事業所排出者,電気機械器具製造業,大阪府守口市,5608
2021,150000093,株式会社秋田銀行,特定事業所排出者,銀行業,秋田県秋田市,5572
2021,985338708,テルモ株式会社,特定荷主,業務用機械器具製造業,東京都渋谷区,5568
2021,985651107,日本光電工業株式会社,特定事業所排出者,電気機械器具製造業,東京都新宿区,5568
2021,810000178,黒崎播磨株式会社,特定荷主,窯業・土石製品製造業,福岡県北九州市,5561
2021,800035751,株式会社富士ピー・エス,特定事業所排出者,窯業・土石製品製造業,福岡県福岡市,5542
2021,500176554,ＴＯＷＡ株式会社,特定事業所排出者,生産用機械器具製造業,京都府京都市,5530
2021,580038181,株式会社酉島製作所,特定事業所排出者,はん用機械器具製造業,大阪府高槻市,5515
2021,985634106,ニチアス株式会社,特定荷主,窯業・土石製品製造業,東京都中央区,5508
2021,982145010,エバラ食品工業株式会社,特定荷主,食料品製造業,神奈川県横浜市,5490
2021,400089901,株式会社トーエネック,特定事業所排出者,設備工事業,愛知県名古屋市,5478
2021,880007076,株式会社ハンズマン,特定事業所排出者,その他の小売業,宮崎県都城市,5452
2021,270245855,株式会社ピックルスコーポレーション,特定事業所排出者,食料品製造業,埼玉県所沢市,5451
2021,985777001,丸藤シートパイル株式会社,特定荷主,建築材料，鉱物・金属材料等卸売業,東京都中央区,5451
2021,400162707,株式会社あさくま,特定事業所排出者,飲食店,愛知県名古屋市,5442
2021,300056283,株式会社サンコー,特定事業所排出者,金属製品製造業,長野県塩尻市,5421
2021,982097754,株式会社ナック,特定事業所排出者,その他の事業サービス業,東京都新宿区,5417
2021,800035358,株式会社九電工,特定事業所排出者,設備工事業,福岡県福岡市,5415
2021,985347402,住友ベークライト株式会社,特定荷主,プラスチック製品製造業（別掲を除く）,東京都品川区,5412
2021,530196549,ＪＣＲファーマ株式会社,特定事業所排出者,化学工業,兵庫県芦屋市,5411
2021,710013431,大倉工業株式会社（香川県）,特定荷主,プラスチック製品製造業（別掲を除く）,香川県丸亀市,5394
2021,400077231,竹田印刷株式会社,特定事業所排出者,印刷・同関連業,愛知県名古屋市,5389
2021,400048364,株式会社サンゲツ,特定事業所排出者,建築材料，鉱物・金属材料等卸売業,愛知県名古屋市,5375
2021,985676017,株式会社あおぞら銀行,特定事業所排出者,銀行業,東京都千代田区,5375
2021,985131009,カンダホールディングス株式会社,特定事業所排出者,不動産賃貸業・管理業,東京都千代田区,5363
2021,380029310,小松ウオール工業株式会社,特定事業所排出者,家具・装備品製造業,石川県小松市,5358
2021,720011557,株式会社阿波銀行,特定事業所排出者,銀行業,徳島県徳島市,5355
2021,985176600,株式会社クレハ,特定荷主,化学工業,東京都中央区,5324
2021,351013055,株式会社ソシオネクスト,特定事業所排出者,技術サービス業（他に分類されないもの）,神奈川県横浜市,5320
2021,985225901,三機工業株式会社,特定事業所排出者,設備工事業,東京都中央区,5313
2021,985753009,北越工業株式会社,特定事業所排出者,はん用機械器具製造業,新潟県燕市,5286
2021,985302401,株式会社資生堂,特定荷主,化学工業,東京都中央区,5127
2021,400011140,伊勢湾海運株式会社,特定事業所排出者,運輸に附帯するサービス業,愛知県名古屋市,5092
2021,980852004,Ｍｉｐｏｘ株式会社,特定事業所排出者,窯業・土石製品製造業,山梨県北杜市,5082
2021,985335706,新電元工業株式会社,特定事業所排出者,電気機械器具製造業,東京都千代田区,5062
2021,200226602,株式会社ＴＢＫ,特定事業所排出者,輸送用機械器具製造業,東京都町田市,5059
2021,880000271,旭有機材株式会社,特定荷主,プラスチック製品製造業（別掲を除く）,宮崎県延岡市,5058
2021,982470028,トーセイ株式会社,特定事業所排出者,不動産取引業,東京都港区,5029
2021,10224240,総合商研株式会社,特定事業所排出者,印刷・同関連業,北海道札幌市,5028
2021,982404631,株式会社ＴＫＣ,特定事業所排出者,情報サービス業,栃木県宇都宮市,4941
2021,985741302,藤倉化成株式会社,特定事業所排出者,化学工業,東京都港区,4929
2021,580163671,株式会社日阪製作所,特定事業所排出者,生産用機械器具製造業,大阪府大阪市,4917
2021,400257702,東建コーポレーション株式会社,特定事業所排出者,総合工事業,愛知県名古屋市,4911
2021,540046358,多木化学株式会社,特定荷主,化学工業,兵庫県加古川市,4896
2021,580344185,株式会社ソフト９９コーポレーション,特定事業所排出者,化学工業,大阪府大阪市,4891
2021,400186709,大宝運輸株式会社,特定貨物輸送事業者,道路貨物運送業,愛知県名古屋市,4890
2021,580349898,住友精化株式会社,特定荷主,化学工業,大阪府大阪市,4890
2021,270482214,株式会社ランシステム,特定事業所排出者,飲食店,東京都豊島区,4881
2021,530243470,神戸天然物化学株式会社,特定事業所排出者,化学工業,兵庫県神戸市,4878
2021,400095131,豊田通商株式会社,特定事業所排出者,各種商品卸売業,愛知県名古屋市,4875
2021,981596419,白銅株式会社,特定事業所排出者,建築材料，鉱物・金属材料等卸売業,東京都千代田区,4857
2021,160012329,日東ベスト株式会社,特定荷主,食料品製造業,山形県寒河江市,4835
2021,985640300,日本カーリット株式会社,特定事業所排出者,化学工業,東京都中央区,4835
2021,610197711,株式会社テイツー,特定事業所排出者,その他の小売業,埼玉県草加市,4830
2021,580276021,フクシマガリレイ株式会社,特定事業所排出者,電気機械器具製造業,大阪府大阪市,4801
2021,986327914,ＪＸ金属株式会社,特定荷主,非鉄金属製造業,東京都港区,4797
2021,500534396,株式会社ワコール,特定事業所排出者,繊維工業,京都府京都市,4785
2021,985375345,大伸化学株式会社,特定荷主,化学工業,東京都港区,4774
2021,985861507,理想科学工業株式会社,特定事業所排出者,業務用機械器具製造業,東京都港区,4773
2021,500032634,日本電気硝子株式会社,特定荷主,窯業・土石製品製造業,滋賀県大津市,4710
2021,580019266,ＩＤＥＣ株式会社,特定事業所排出者,電気機械器具製造業,大阪府大阪市,4590
2021,800278024,株式会社きょくとう,特定事業所排出者,洗濯・理容・美容・浴場業,福岡県福岡市,4569
2021,753023338,クオール株式会社,特定事業所排出者,その他の小売業,東京都港区,4498
2021,580028425,石原産業株式会社,特定荷主,化学工業,大阪府大阪市,4482
2021,500111451,株式会社京写,特定事業所排出者,電子部品・デバイス・電子回路製造業,京都府久御山町,4461
2021,581978181,株式会社きちりホールディングス,特定事業所排出者,飲食店,大阪府大阪市,4449
2021,870047532,株式会社肥後銀行,特定事業所排出者,銀行業,熊本県熊本市,4449
2021,890212731,プリントネット株式会社,特定事業所排出者,印刷・同関連業,鹿児島県鹿児島市,4440
2021,985817106,持田製薬株式会社,特定事業所排出者,化学工業,東京都新宿区,4434
2021,420240391,レック株式会社,特定事業所排出者,プラスチック製品製造業（別掲を除く）,東京都中央区,4432
2021,985724259,不二ラテックス株式会社,特定事業所排出者,ゴム製品製造業,東京都千代田区,4431
2021,450012038,株式会社トーカイ（岐阜県）,特定貨物輸送事業者,その他の教育，学習支援業,岐阜県岐阜市,4400
2021,985721201,フランスベッド株式会社,特定事業所排出者,家具・装備品製造業,東京都新宿区,4379
2021,580375628,日本電子材料株式会社,特定事業所排出者,電子部品・デバイス・電子回路製造業,兵庫県尼崎市,4370
2021,200315121,株式会社アルプス物流,特定事業所排出者,倉庫業,神奈川県横浜市,4369
2021,330023247,株式会社竹内製作所,特定事業所排出者,生産用機械器具製造業,長野県坂城町,4369
2021,130000407,株式会社岩手銀行,特定事業所排出者,銀行業,岩手県盛岡市,4364
2021,220224113,株式会社ジンズホールディングス,特定事業所排出者,その他の小売業,東京都千代田区,4364
2021,985721801,ブルドックソース株式会社,特定事業所排出者,食料品製造業,東京都中央区,4350
2021,400031142,アスカ株式会社,特定事業所排出者,輸送用機械器具製造業,愛知県刈谷市,4334
2021,450088116,セブン工業株式会社,特定事業所排出者,木材・木製品製造業（家具を除く）,岐阜県美濃加茂市,4309
2021,530019231,株式会社ノザワ,特定荷主,窯業・土石製品製造業,兵庫県神戸市,4302
2021,985132605,ＫＹＢ株式会社,特定荷主,輸送用機械器具製造業,東京都港区,4297
2021,581926326,株式会社ＴＶＥ,特定事業所排出者,はん用機械器具製造業,兵庫県尼崎市,4270
2021,850041077,株式会社ヤマックス,特定事業所排出者,窯業・土石製品製造業,熊本県熊本市,4236
2021,985662808,日本曹達株式会社,特定荷主,化学工業,東京都千代田区,4205
2021,400072421,株式会社ダイセキ,特定荷主,廃棄物処理業,愛知県名古屋市,4176
2021,400328180,株式会社浜木綿,特定事業所排出者,飲食店,愛知県名古屋市,4163
2021,987958453,株式会社鉄人化計画,特定事業所排出者,娯楽業,東京都目黒区,4116
2021,985615209,日清紡ホールディングス株式会社,特定事業所排出者,専門サービス業（他に分類されないもの）,東京都中央区,4110
2021,580004067,住友商事株式会社,特定荷主,各種商品卸売業,東京都千代田区,4094
2021,580509104,株式会社ミルボン,特定事業所排出者,化学工業,東京都中央区,4072
2021,985644505,日本金属株式会社,特定荷主,鉄鋼業,東京都板橋区,4051
2021,985320104,昭和ホールディングス株式会社,特定事業所排出者,ゴム製品製造業,千葉県柏市,4044
2021,530005932,東洋機械金属株式会社,特定事業所排出者,生産用機械器具製造業,兵庫県明石市,4042
2021,985120604,株式会社ＫＡＤＯＫＡＷＡ,特定事業所排出者,映像・音声・文字情報制作業,東京都千代田区,4038
2021,500057428,株式会社ニチダイ,特定事業所排出者,生産用機械器具製造業,京都府京田辺市,4036
2021,985015304,アサガミ株式会社,特定事業所排出者,不動産賃貸業・管理業,東京都千代田区,4032
2021,580006526,株式会社駒井ハルテック,特定事業所排出者,金属製品製造業,東京都台東区,4019
2021,400124608,フルハシＥＰＯ株式会社,特定事業所排出者,木材・木製品製造業（家具を除く）,愛知県名古屋市,4000
2021,985525406,東邦化学工業株式会社,特定荷主,化学工業,東京都中央区,3976
2021,280029943,株式会社山梨中央銀行,特定事業所排出者,銀行業,山梨県甲府市,3960
2021,985655705,日本信号株式会社,特定事業所排出者,情報通信機械器具製造業,東京都千代田区,3936
2021,270085439,株式会社朝日ラバー,特定事業所排出者,ゴム製品製造業,埼玉県さいたま市,3919
2021,500182300,アイフル株式会社,特定事業所排出者,貸金業，クレジットカード業等非預金信用機関,京都府京都市,3916
2021,988389818,株式会社早稲田アカデミー,特定事業所排出者,その他の教育，学習支援業,東京都豊島区,3912
2021,400061713,新東工業株式会社,特定荷主,生産用機械器具製造業,愛知県豊川市,3880
2021,220026233,株式会社東和銀行,特定事業所排出者,銀行業,群馬県前橋市,3876
2021,985661103,日本精蝋株式会社,特定荷主,石油製品・石炭製品製造業,山口県周南市,3875
2021,201253936,株式会社ファンケル,特定事業所排出者,化学工業,神奈川県横浜市,3856
2021,200662871,株式会社ゼンショーホールディングス,特定事業所排出者,食料品製造業,東京都港区,3840
2021,580017431,イオン株式会社,特定事業所排出者,各種商品小売業,千葉県千葉市,3831
2021,515058252,株式会社カクヤス,特定貨物輸送事業者,飲食料品小売業,東京都北区,3820
2021,203001858,ＳＦＰホールディングス株式会社,特定事業所排出者,飲食店,神奈川県川崎市,3806
2021,380090293,高松機械工業株式会社,特定事業所排出者,生産用機械器具製造業,石川県白山市,3765
2021,450019441,ムトー精工株式会社,特定事業所排出者,プラスチック製品製造業（別掲を除く）,岐阜県各務原市,3762
2021,200261620,古河電池株式会社,特定荷主,電気機械器具製造業,神奈川県横浜市,3737
2021,160021319,株式会社山形銀行,特定事業所排出者,銀行業,山形県山形市,3727
2021,983134075,株式会社魚力,特定事業所排出者,飲食料品小売業,東京都立川市,3718
2021,985801607,株式会社クレディセゾン,特定事業所排出者,貸金業，クレジットカード業等非預金信用機関,東京都豊島区,3710
2021,985832720,山一電機株式会社,特定事業所排出者,電子部品・デバイス・電子回路製造業,東京都大田区,3696
2021,985741607,株式会社フジクラ,特定荷主,非鉄金属製造業,東京都江東区,3691
2021,400996871,株式会社ダイセキ環境ソリューション,特定事業所排出者,廃棄物処理業,愛知県名古屋市,3681
2021,400093421,東陽倉庫株式会社,特定事業所排出者,倉庫業,愛知県名古屋市,3678
2021,600019994,中国塗料株式会社,特定荷主,化学工業,広島県大竹市,3661
2021,985762859,前澤工業株式会社,特定事業所排出者,はん用機械器具製造業,埼玉県川口市,3657
2021,510301422,ＤＭＧ森精機株式会社,特定事業所排出者,生産用機械器具製造業,東京都江東区,3631
2021,985336605,株式会社ジャムコ,特定事業所排出者,輸送用機械器具製造業,東京都立川市,3626
2021,985682801,日本坩堝株式会社,特定事業所排出者,窯業・土石製品製造業,東京都渋谷区,3626
2021,400098876,ナトコ株式会社,特定事業所排出者,化学工業,愛知県みよし市,3617
2021,981671059,株式会社バロックジャパンリミテッド,特定事業所排出者,織物・衣服・身の回り品小売業,東京都目黒区,3607
2021,580043459,株式会社オートバックスセブン,特定事業所排出者,各種商品卸売業,東京都江東区,3602
2021,985850808,養命酒製造株式会社,特定事業所排出者,飲料・たばこ・飼料製造業,東京都渋谷区,3597
2021,982827299,株式会社ナガセ,特定事業所排出者,その他の教育，学習支援業,東京都武蔵野市,3580
2021,200301716,油研工業株式会社,特定事業所排出者,はん用機械器具製造業,神奈川県綾瀬市,3578
2021,420192632,株式会社ＡＦＣ－ＨＤアムスライフサイエンス,特定事業所排出者,食料品製造業,静岡県静岡市,3565
2021,380115768,株式会社ハチバン,特定事業所排出者,食料品製造業,石川県金沢市,3516
2021,600019994,中国塗料株式会社,特定事業所排出者,化学工業,東京都千代田区,3514
2021,270297922,株式会社アイダ設計,特定事業所排出者,不動産取引業,埼玉県さいたま市,3503
2021,500010001,株式会社中央倉庫,特定事業所排出者,倉庫業,京都府京都市,3502
2021,985405005,高砂熱学工業株式会社,特定事業所排出者,設備工事業,東京都新宿区,3498
2021,250307262,株式会社筑波銀行,特定事業所排出者,銀行業,茨城県つくば市,3453
2021,270056992,イーグル工業株式会社,特定荷主,金属製品製造業,東京都港区,3450
2021,380061157,福島印刷株式会社,特定事業所排出者,印刷・同関連業,石川県金沢市,3447
2021,500026815,株式会社ＳＣＲＥＥＮホールディングス,特定事業所排出者,生産用機械器具製造業,京都府京都市,3421
2021,430012317,ＡＳＴＩ株式会社,特定事業所排出者,電気機械器具製造業,静岡県浜松市,3401
2021,800013163,玉屋リネンサービス株式会社,特定事業所排出者,洗濯・理容・美容・浴場業,福岡県福岡市,3396
2021,580006221,小林製薬株式会社,特定事業所排出者,化学工業,大阪府大阪市,3395
2021,580440047,株式会社プラザクリエイト,特定事業所排出者,その他の生活関連サービス業,東京都中央区,3339
2021,200222292,帝国通信工業株式会社,特定事業所排出者,電子部品・デバイス・電子回路製造業,神奈川県川崎市,3328
2021,985545301,株式会社ティラド,特定荷主,輸送用機械器具製造業,東京都渋谷区,3312
2021,985197806,高周波熱錬株式会社,特定荷主,金属製品製造業,東京都品川区,3310
2021,400225281,キムラユニティー株式会社,特定事業所排出者,倉庫業,愛知県名古屋市,3307
2021,580715256,株式会社フレンドリー,特定事業所排出者,飲食店,大阪府大東市,3299
2021,810283832,株式会社リーガロイヤルホテル小倉,特定事業所排出者,宿泊業,福岡県北九州市,3283
2021,580005529,株式会社栗本鐵工所,特定荷主,鉄鋼業,大阪府大阪市,3278
2021,985161269,株式会社アイネス,特定事業所排出者,情報サービス業,神奈川県横浜市,3264
2021,800035751,株式会社富士ピー・エス,特定荷主,窯業・土石製品製造業,福岡県福岡市,3248
2021,400354644,朝日インテック株式会社,特定事業所排出者,業務用機械器具製造業,愛知県瀬戸市,3233
2021,200582009,株式会社文教堂グループホールディングス,特定事業所排出者,その他の小売業,神奈川県川崎市,3220
2021,840203313,タカノフーズ九州株式会社,特定事業所排出者,食料品製造業,佐賀県神埼市,3220
2021,580336002,日清食品ホールディングス株式会社,特定事業所排出者,食料品製造業,東京都新宿区,3207
2021,400099505,トランコム株式会社,特定事業所排出者,道路貨物運送業,愛知県名古屋市,3197
2021,580083230,ユシロ化学工業株式会社,特定事業所排出者,石油製品・石炭製品製造業,東京都大田区,3195
2021,580364151,新コスモス電機株式会社,特定事業所排出者,情報通信機械器具製造業,大阪府大阪市,3195
2021,200391141,ユー・エム・シー・エレクトロニクス株式会社,特定事業所排出者,電子部品・デバイス・電子回路製造業,埼玉県上尾市,3175
2021,985694202,株式会社長谷工コーポレーション,特定事業所排出者,総合工事業,東京都港区,3148
2021,981049627,株式会社銀座ルノアール,特定事業所排出者,飲食店,東京都中野区,3145
2021,530025837,株式会社ジャパンエンジンコーポレーション,特定事業所排出者,輸送用機械器具製造業,兵庫県明石市,3125
2021,985210944,株式会社サトー,特定事業所排出者,業務用機械器具製造業,東京都港区,3108
2021,985691309,能美防災株式会社,特定事業所排出者,情報通信機械器具製造業,東京都千代田区,3078
2021,380010121,オリエンタルチエン工業株式会社,特定事業所排出者,はん用機械器具製造業,石川県白山市,3075
2021,985785700,三井住友建設株式会社,特定事業所排出者,総合工事業,東京都中央区,3061
2021,986328573,株式会社三井住友フィナンシャルグループ,特定事業所排出者,補助的金融業等,東京都千代田区,3061
2021,500002143,野崎印刷紙業株式会社,特定事業所排出者,印刷・同関連業,京都府京都市,3059
2021,985482004,株式会社トプコン,特定事業所排出者,業務用機械器具製造業,東京都板橋区,3036
2021,985081702,株式会社オリジン,特定事業所排出者,電子部品・デバイス・電子回路製造業,埼玉県さいたま市,3020
2021,580000952,荒川化学工業株式会社,特定荷主,化学工業,大阪府大阪市,3011
2021,200224457,東京応化工業株式会社,特定荷主,化学工業,神奈川県川崎市,2990
2021,10038807,株式会社ジャックス,特定事業所排出者,貸金業，クレジットカード業等非預金信用機関,東京都渋谷区,2967
2021,460036534,カネソウ株式会社,特定事業所排出者,金属製品製造業,三重県朝日町,2939
2021,984013913,株式会社タカキュー,特定事業所排出者,織物・衣服・身の回り品小売業,東京都板橋区,2926
2021,982840281,株式会社ユニバーサルエンターテインメント,特定事業所排出者,業務用機械器具製造業,東京都江東区,2918
2021,580293756,コンドーテック株式会社,特定事業所排出者,その他の卸売業,大阪府大阪市,2887
2021,580406887,ナカバヤシ株式会社,特定事業所排出者,パルプ・紙・紙加工品製造業,大阪府大阪市,2867
2021,987030060,スバル興産株式会社,特定事業所排出者,不動産賃貸業・管理業,東京都渋谷区,2845
2021,800236365,アプライド株式会社,特定事業所排出者,機械器具小売業,福岡県福岡市,2803
2021,985415100,立川ブラインド工業株式会社,特定事業所排出者,その他の製造業,東京都港区,2795
2021,200382321,株式会社東計電算,特定事業所排出者,情報サービス業,神奈川県川崎市,2770
2021,400262561,旭化学工業株式会社,特定事業所排出者,プラスチック製品製造業（別掲を除く）,愛知県安城市,2770
2021,200589529,株式会社トリケミカル研究所,特定事業所排出者,化学工業,山梨県上野原市,2769
2021,400126415,ホシザキ株式会社,特定荷主,はん用機械器具製造業,愛知県豊明市,2757
2021,985336454,いであ株式会社,特定事業所排出者,技術サービス業（他に分類されないもの）,東京都世田谷区,2744
2021,400914276,株式会社ティア,特定事業所排出者,その他の生活関連サービス業,愛知県名古屋市,2717
2021,985793505,三菱化工機株式会社,特定事業所排出者,生産用機械器具製造業,神奈川県川崎市,2716
2021,800043304,西部電機株式会社,特定事業所排出者,生産用機械器具製造業,福岡県古賀市,2699
2021,200372665,平安レイサービス株式会社,特定事業所排出者,その他の生活関連サービス業,神奈川県平塚市,2680
2021,330050899,株式会社電算,特定事業所排出者,情報サービス業,長野県長野市,2679
2021,580052556,因幡電機産業株式会社,特定事業所排出者,各種商品卸売業,大阪府大阪市,2673
2021,800039482,昭和鉄工株式会社,特定事業所排出者,はん用機械器具製造業,福岡県宇美町,2658
2021,200429230,イリソ電子工業株式会社,特定事業所排出者,電子部品・デバイス・電子回路製造業,神奈川県横浜市,2645
2021,330010454,日置電機株式会社,特定事業所排出者,電気機械器具製造業,長野県上田市,2612
2021,530408702,株式会社カネミツ,特定事業所排出者,輸送用機械器具製造業,兵庫県明石市,2585
2021,100015070,株式会社高速,特定貨物輸送事業者,その他の卸売業,宮城県仙台市,2530
2021,400127379,株式会社マキタ（愛知県）,特定貨物輸送事業者,生産用機械器具製造業,愛知県安城市,2490
2021,800109317,ヤマウホールディングス株式会社,特定事業所排出者,窯業・土石製品製造業,福岡県福岡市,2484
2021,400027337,株式会社カサイ製作所,特定事業所排出者,輸送用機械器具製造業,愛知県北名古屋市,2475
2021,330018962,エムケー精工株式会社,特定事業所排出者,業務用機械器具製造業,長野県千曲市,2472
2021,500002411,株式会社メタルアート,特定荷主,鉄鋼業,滋賀県草津市,2428
2021,580000120,長瀬産業株式会社,特定事業所排出者,各種商品卸売業,東京都中央区,2413
2021,500032993,京都機械工具株式会社,特定事業所排出者,金属製品製造業,京都府久御山町,2408
2021,250266947,ホリイフードサービス株式会社,特定事業所排出者,飲食店,茨城県水戸市,2400
2021,380123779,ＥＩＺＯ株式会社,特定事業所排出者,情報通信機械器具製造業,石川県白山市,2302
2021,240018838,レオン自動機株式会社,特定事業所排出者,生産用機械器具製造業,栃木県宇都宮市,2297
2021,851016696,ＡｅｒｏＥｄｇｅ株式会社,特定事業所排出者,輸送用機械器具製造業,栃木県足利市,2179
2021,985840651,ジェコス株式会社,特定事業所排出者,物品賃貸業,東京都中央区,2064
2021,980551511,かどや製油株式会社,特定荷主,食料品製造業,東京都品川区,2002
2021,600196273,株式会社あじかん,特定貨物輸送事業者,食料品製造業,広島県広島市,1840
2021,500302355,株式会社京都東急ホテル,特定事業所排出者,宿泊業,京都府京都市,1828
2021,530134411,ヒラキ株式会社,特定事業所排出者,無店舗小売業,兵庫県神戸市,1741
2021,985242607,株式会社三陽商会,特定事業所排出者,織物・衣服・身の回り品小売業,東京都新宿区,1734
2021,985646143,セコム株式会社,特定貨物輸送事業者,道路貨物運送業,東京都渋谷区,1650
2021,220063999,日本光電富岡株式会社,特定事業所排出者,電気機械器具製造業,群馬県富岡市,1453
2021,530469646,株式会社フェリシモ,特定事業所排出者,無店舗小売業,兵庫県神戸市,1390
2021,985794601,三菱製鋼株式会社,特定荷主,鉄鋼業,東京都中央区,1244
2021,985622301,株式会社ニッチツ,特定荷主,生産用機械器具製造業,東京都港区,987
2021,580322544,丸大食品株式会社,特定貨物輸送事業者,食料品製造業,大阪府高槻市,853
2021,985561206,株式会社なとり,特定貨物輸送事業者,食料品製造業,東京都北区,469
2023,985336900,日本製鉄株式会社,特定事業所排出者,鉄鋼業,東京都千代田区,74450557
2023,650003624,太平洋セメント株式会社,特定事業所排出者,窯業・土石製品製造業,東京都文京区,11952677
2023,985052701,出光興産株式会社,特定事業所排出者,石油製品・石炭製品製造業,東京都千代田区,8747444
2023,640351830,東ソー株式会社,特定事業所排出者,化学工業,東京都中央区,7184051
2023,985347206,住友大阪セメント株式会社,特定事業所排出者,窯業・土石製品製造業,東京都港区,6509771
2023,640006257,株式会社トクヤマ,特定事業所排出者,化学工業,東京都千代田区,6092248
2023,710034905,大王製紙株式会社,特定事業所排出者,パルプ・紙・紙加工品製造業,愛媛県四国中央市,2615750
2023,985651608,日本航空株式会社,特定航空輸送事業者,航空運輸業,東京都品川区,2477657
2023,985452408,電源開発株式会社,特定事業所排出者,電気業,東京都中央区,2361267
2023,650002304,ＵＢＥ株式会社,特定事業所排出者,化学工業,東京都港区,2259877
2023,986306852,王子マテリア株式会社,特定事業所排出者,パルプ・紙・紙加工品製造業,東京都中央区,2027911
2023,985022102,AGC株式会社,特定事業所排出者,窯業・土石製品製造業,東京都千代田区,1609743
2023,985451705,デンカ株式会社,特定事業所排出者,化学工業,東京都中央区,1581776
2023,581100003,西日本旅客鉄道株式会社,特定旅客輸送事業者,鉄道業,大阪府大阪市,1396513
2023,400072412,大同特殊鋼株式会社,特定事業所排出者,鉄鋼業,愛知県名古屋市,1048579
2023,580046998,株式会社カネカ,特定事業所排出者,化学工業,大阪府大阪市,1000285
2023,580006446,レンゴー株式会社,特定事業所排出者,パルプ・紙・紙加工品製造業,大阪府大阪市,795562
2023,985330101,信越化学工業株式会社,特定事業所排出者,化学工業,東京都千代田区,792843
2023,400108408,株式会社デンソー,特定事業所排出者,輸送用機械器具製造業,愛知県刈谷市,780042
2023,985346700,住友金属鉱山株式会社,特定事業所排出者,非鉄金属製造業,東京都港区,725983
2023,600002843,マツダ株式会社,特定事業所排出者,輸送用機械器具製造業,広島県府中町,670840
2023,985660302,日本ゼオン株式会社,特定事業所排出者,化学工業,東京都千代田区,662604
2023,400004029,愛知製鋼株式会社,特定事業所排出者,鉄鋼業,愛知県東海市,658555
2023,985793309,三菱瓦斯化学株式会社,特定事業所排出者,化学工業,東京都千代田区,638490
2023,985336900,日本製鉄株式会社,特定荷主,鉄鋼業,東京都千代田区,616740
2023,985793701,三菱マテリアル株式会社,特定事業所排出者,非鉄金属製造業,東京都千代田区,574985
2023,985786707,三井不動産株式会社,特定事業所排出者,不動産賃貸業・管理業,東京都中央区,551803
2023,980885721,株式会社ＵＡＣＪ,特定事業所排出者,非鉄金属製造業,東京都千代田区,551042
2023,500062007,京セラ株式会社,特定事業所排出者,電子部品・デバイス・電子回路製造業,京都府京都市,501675
2023,986945521,株式会社ＳＵＭＣＯ,特定事業所排出者,電気機械器具製造業,東京都港区,497406
2023,985466806,東海カーボン株式会社,特定事業所排出者,窯業・土石製品製造業,東京都港区,497116
2023,985795009,三菱電機株式会社,特定事業所排出者,電気機械器具製造業,東京都千代田区,464904
2023,985757509,本田技研工業株式会社,特定事業所排出者,輸送用機械器具製造業,東京都港区,446073
2023,985426300,中越パルプ工業株式会社,特定事業所排出者,パルプ・紙・紙加工品製造業,富山県高岡市,403787
2023,986379330,東京地下鉄株式会社,特定旅客輸送事業者,鉄道業,東京都台東区,400471
2023,617001903,ＫＨネオケム株式会社,特定事業所排出者,化学工業,東京都中央区,381265
2023,500032634,日本電気硝子株式会社,特定事業所排出者,窯業・土石製品製造業,滋賀県大津市,379222
2023,985176600,株式会社クレハ,特定事業所排出者,化学工業,東京都中央区,375903
2023,580028425,石原産業株式会社,特定事業所排出者,化学工業,大阪府大阪市,370468
2023,985670407,新日本電工株式会社,特定事業所排出者,鉄鋼業,東京都中央区,324292
2023,985390806,大平洋金属株式会社,特定事業所排出者,鉄鋼業,青森県八戸市,312434
2023,985525308,東邦亜鉛株式会社,特定事業所排出者,非鉄金属製造業,東京都千代田区,307446
2023,430105873,スズキ株式会社,特定事業所排出者,輸送用機械器具製造業,静岡県浜松市,306894
2023,580064771,日東電工株式会社,特定事業所排出者,パルプ・紙・紙加工品製造業,大阪府大阪市,305263
2023,401103872,コカ・コーラ　ボトラーズジャパン株式会社,特定事業所排出者,飲料・たばこ・飼料製造業,東京都港区,303182
2023,985462709,東亞合成株式会社,特定事業所排出者,化学工業,東京都港区,301624
2023,900001432,沖縄電力株式会社,特定事業所排出者,電気業,沖縄県浦添市,294258
2023,985794306,三菱重工業株式会社,特定事業所排出者,はん用機械器具製造業,東京都千代田区,294218
2023,985052701,出光興産株式会社,特定荷主,石油製品・石炭製品製造業,東京都千代田区,289671
2023,580241811,ニプロ株式会社,特定荷主,業務用機械器具製造業,大阪府摂津市,288044
2023,300057960,セイコーエプソン株式会社,特定事業所排出者,業務用機械器具製造業,長野県諏訪市,287159
2023,985114901,花王株式会社,特定事業所排出者,化学工業,東京都中央区,281384
2023,530004309,住友ゴム工業株式会社,特定事業所排出者,ゴム製品製造業,兵庫県神戸市,274482
2023,985681204,日本冶金工業株式会社,特定事業所排出者,鉄鋼業,東京都中央区,261850
2023,580002410,ダイキン工業株式会社,特定事業所排出者,はん用機械器具製造業,大阪府大阪市,253489
2023,580212121,日本山村硝子株式会社,特定事業所排出者,窯業・土石製品製造業,兵庫県尼崎市,234342
2023,985176001,栗田工業株式会社,特定事業所排出者,その他の製造業,東京都中野区,233270
2023,580007523,ユニチカ株式会社,特定事業所排出者,繊維工業,大阪府大阪市,211761
2023,985033106,いすゞ自動車株式会社,特定事業所排出者,輸送用機械器具製造業,神奈川県横浜市,204837
2023,800089205,イオン九州株式会社,特定事業所排出者,各種商品小売業,福岡県福岡市,201283
2023,400082929,中部鋼鈑株式会社,特定事業所排出者,鉄鋼業,愛知県名古屋市,198922
2023,250294997,株式会社大阪チタニウムテクノロジーズ,特定事業所排出者,非鉄金属製造業,兵庫県尼崎市,197886
2023,580013988,ＮＴＮ株式会社,特定事業所排出者,はん用機械器具製造業,大阪府大阪市,196004
2023,985744304,古河電気工業株式会社,特定事業所排出者,非鉄金属製造業,東京都千代田区,190457
2023,985660705,日本精工株式会社,特定事業所排出者,はん用機械器具製造業,東京都品川区,189364
2023,985495503,東京鐵鋼株式会社,特定事業所排出者,鉄鋼業,東京都千代田区,186684
2023,985754507,三菱食品株式会社,特定荷主,飲食料品卸売業,東京都文京区,185881
2023,985821708,森永乳業株式会社,特定事業所排出者,食料品製造業,東京都港区,184812
2023,985141604,関東電化工業株式会社,特定事業所排出者,化学工業,東京都千代田区,182602
2023,810000178,黒崎播磨株式会社,特定事業所排出者,窯業・土石製品製造業,福岡県北九州市,181670
2023,640006257,株式会社トクヤマ,特定荷主,化学工業,東京都千代田区,179651
2023,985732902,富士電機株式会社,特定事業所排出者,電気機械器具製造業,東京都品川区,169288
2023,450000028,イビデン株式会社,特定事業所排出者,電子部品・デバイス・電子回路製造業,岐阜県大垣市,167596
2023,985320900,昭和産業株式会社,特定事業所排出者,食料品製造業,東京都千代田区,165077
2023,10287750,イオン北海道株式会社,特定事業所排出者,各種商品小売業,北海道札幌市,160805
2023,985187908,コニカミノルタ株式会社,特定事業所排出者,プラスチック製品製造業（別掲を除く）,東京都千代田区,160220
2023,380060884,株式会社クスリのアオキ,特定事業所排出者,各種商品小売業,石川県白山市,157042
2023,600009030,カルビー株式会社,特定事業所排出者,食料品製造業,東京都千代田区,154044
2023,650003624,太平洋セメント株式会社,特定荷主,窯業・土石製品製造業,東京都文京区,152370
2023,330035060,ホクト株式会社,特定事業所排出者,農業,長野県長野市,152360
2023,985785601,三井金属鉱業株式会社,特定事業所排出者,非鉄金属製造業,東京都品川区,150433
2023,985723402,リンテック株式会社,特定事業所排出者,パルプ・紙・紙加工品製造業,東京都板橋区,149751
2023,985453639,株式会社LIXIL,特定事業所排出者,金属製品製造業,東京都品川区,149473
2023,985083805,小田急電鉄株式会社,特定旅客輸送事業者,鉄道業,神奈川県海老名市,148584
2023,580349898,住友精化株式会社,特定事業所排出者,化学工業,大阪府大阪市,144977
2023,985347206,住友大阪セメント株式会社,特定荷主,窯業・土石製品製造業,東京都港区,142832
2023,985081355,株式会社オリエンタルランド,特定事業所排出者,娯楽業,千葉県浦安市,133364
2023,985662808,日本曹達株式会社,特定事業所排出者,化学工業,東京都千代田区,132754
2023,985681302,日油株式会社,特定事業所排出者,化学工業,東京都渋谷区,132691
2023,270098231,株式会社ヤオコー,特定事業所排出者,飲食料品小売業,埼玉県川越市,130769
2023,401103872,コカ・コーラ　ボトラーズジャパン株式会社,特定荷主,飲料・たばこ・飼料製造業,東京都港区,130118
2023,985615002,日清オイリオグループ株式会社,特定事業所排出者,食料品製造業,東京都中央区,129883
2023,400083612,中部電力株式会社,特定事業所排出者,電気業,愛知県名古屋市,129596
2023,985023807,株式会社ＡＤＥＫＡ,特定事業所排出者,化学工業,東京都荒川区,127054
2023,985338708,テルモ株式会社,特定事業所排出者,業務用機械器具製造業,東京都新宿区,125144
2023,580241811,ニプロ株式会社,特定事業所排出者,業務用機械器具製造業,大阪府摂津市,120493
2023,540272822,株式会社トリドールホールディングス,特定事業所排出者,飲食店,東京都渋谷区,118753
2023,982941669,ミニストップ株式会社,特定事業所排出者,各種商品小売業,千葉県千葉市,115400
2023,985350103,セントラル硝子株式会社,特定事業所排出者,化学工業,東京都千代田区,114431
2023,270046172,株式会社マルエツ,特定事業所排出者,飲食料品小売業,東京都豊島区,114203
2023,986327914,ＪＸ金属株式会社,特定事業所排出者,非鉄金属製造業,東京都港区,114091
2023,617015471,不二製油株式会社,特定事業所排出者,食料品製造業,大阪府泉佐野市,114012
2023,985836809,アステラス製薬株式会社,特定事業所排出者,学術・開発研究機関,東京都中央区,113449
2023,982960664,株式会社共立メンテナンス,特定事業所排出者,宿泊業,東京都千代田区,112767
2023,520003569,株式会社オークワ,特定事業所排出者,各種商品小売業,和歌山県和歌山市,111639
2023,710034905,大王製紙株式会社,特定荷主,パルプ・紙・紙加工品製造業,愛媛県四国中央市,106688
2023,350007367,北越メタル株式会社,特定事業所排出者,鉄鋼業,新潟県長岡市,106128
2023,985453639,株式会社LIXIL,特定荷主,金属製品製造業,東京都品川区,104380
2023,571018321,第一生命保険株式会社,特定事業所排出者,保険業（保険媒介代理業，保険サービス業を含む）,東京都千代田区,104244
2023,260287664,株式会社サイゼリヤ,特定事業所排出者,飲食店,埼玉県吉川市,103556
2023,570009570,堺化学工業株式会社,特定事業所排出者,化学工業,大阪府堺市,102734
2023,985114901,花王株式会社,特定荷主,化学工業,東京都中央区,99685
2023,985132605,ＫＹＢ株式会社,特定事業所排出者,輸送用機械器具製造業,東京都港区,92129
2023,985645709,日本ケミコン株式会社,特定事業所排出者,電子部品・デバイス・電子回路製造業,東京都品川区,91914
2023,580006437,株式会社髙島屋,特定事業所排出者,各種商品小売業,東京都中央区,91186
2023,985821708,森永乳業株式会社,特定荷主,食料品製造業,東京都港区,89402
2023,985180891,京成電鉄株式会社,特定旅客輸送事業者,鉄道業,千葉県市川市,85730
2023,570091283,コーナン商事株式会社,特定事業所排出者,各種商品小売業,大阪府大阪市,85235
2023,500025003,三洋化成工業株式会社,特定事業所排出者,化学工業,京都府京都市,84486
2023,981158621,日本ビルファンド投資法人,特定事業所排出者,不動産賃貸業・管理業,東京都中央区,83180
2023,985741607,株式会社フジクラ,特定事業所排出者,非鉄金属製造業,東京都江東区,82100
2023,200270020,日本発条株式会社,特定事業所排出者,輸送用機械器具製造業,神奈川県横浜市,80326
2023,390001321,セーレン株式会社,特定事業所排出者,繊維工業,福井県福井市,80100
2023,985433037,中外製薬株式会社,特定事業所排出者,化学工業,東京都中央区,79142
2023,580016326,南海電気鉄道株式会社,特定旅客輸送事業者,鉄道業,大阪府大阪市,77436
2023,620012613,株式会社ハローズ,特定事業所排出者,飲食料品小売業,岡山県早島町,77435
2023,200137262,神奈川中央交通株式会社,特定旅客輸送事業者,道路旅客運送業,神奈川県平塚市,77249
2023,985742702,ＺＡＣＲＯＳ株式会社,特定事業所排出者,プラスチック製品製造業（別掲を除く）,東京都文京区,76370
2023,201738294,ルネサスエレクトロニクス株式会社,特定事業所排出者,電子部品・デバイス・電子回路製造業,東京都江東区,73123
2023,985650905,株式会社ニコン,特定事業所排出者,生産用機械器具製造業,東京都品川区,72588
2023,400091759,東邦ガス株式会社,特定事業所排出者,ガス業,愛知県名古屋市,72536
2023,985795009,三菱電機株式会社,特定荷主,電気機械器具製造業,東京都千代田区,72351
2023,580303057,扶桑化学工業株式会社,特定事業所排出者,化学工業,大阪府大阪市,70967
2023,985661103,日本精蝋株式会社,特定事業所排出者,石油製品・石炭製品製造業,東京都中央区,70892
2023,502010860,株式会社　吉野家,特定事業所排出者,飲食店,東京都中央区,70802
2023,985314902,ヒューリック株式会社,特定事業所排出者,不動産賃貸業・管理業,東京都中央区,70783
2023,985083805,小田急電鉄株式会社,特定事業所排出者,鉄道業,東京都新宿区,69603
2023,985710807,日立建機株式会社,特定事業所排出者,生産用機械器具製造業,東京都台東区,68723
2023,985754507,三菱食品株式会社,特定事業所排出者,飲食料品卸売業,東京都文京区,67771
2023,640351830,東ソー株式会社,特定荷主,化学工業,東京都中央区,66494
2023,400014025,石塚硝子株式会社,特定事業所排出者,窯業・土石製品製造業,愛知県岩倉市,66113
2023,400095186,トヨタ紡織株式会社,特定事業所排出者,輸送用機械器具製造業,愛知県刈谷市,65170
2023,985003107,アルプスアルパイン株式会社,特定事業所排出者,電子部品・デバイス・電子回路製造業,東京都大田区,64761
2023,985324604,ＳＭＣ株式会社,特定事業所排出者,はん用機械器具製造業,東京都千代田区,63840
2023,985434802,株式会社ツムラ,特定事業所排出者,化学工業,東京都港区,62976
2023,830146071,株式会社ジョイフル,特定事業所排出者,飲食店,大分県大分市,62453
2023,400190149,ＴＨＫ株式会社,特定事業所排出者,生産用機械器具製造業,東京都港区,61952
2023,580006446,レンゴー株式会社,特定荷主,パルプ・紙・紙加工品製造業,大阪府大阪市,61646
2023,600145238,ダイキョーニシカワ株式会社,特定事業所排出者,プラスチック製品製造業（別掲を除く）,広島県東広島市,61573
2023,985757509,本田技研工業株式会社,特定荷主,輸送用機械器具製造業,東京都港区,61291
2023,200312513,横浜冷凍株式会社,特定事業所排出者,飲食料品卸売業,神奈川県横浜市,60654
2023,600002843,マツダ株式会社,特定荷主,輸送用機械器具製造業,広島県府中町,60327
2023,985186105,株式会社小糸製作所,特定事業所排出者,電気機械器具製造業,東京都品川区,60174
2023,982620116,株式会社サンドラッグ,特定事業所排出者,その他の小売業,東京都府中市,60130
2023,985794745,三菱倉庫株式会社,特定事業所排出者,倉庫業,東京都中央区,59995
2023,580322544,丸大食品株式会社,特定事業所排出者,食料品製造業,大阪府高槻市,59815
2023,580363860,積水ハウス株式会社,特定事業所排出者,総合工事業,大阪府大阪市,59671
2023,450131816,株式会社セリア,特定事業所排出者,各種商品小売業,岐阜県大垣市,58536
2023,710013431,大倉工業株式会社（香川県）,特定事業所排出者,プラスチック製品製造業（別掲を除く）,香川県丸亀市,58167
2023,400083102,中部飼料株式会社,特定事業所排出者,飲料・たばこ・飼料製造業,愛知県名古屋市,57876
2023,580045257,岩谷産業株式会社,特定荷主,各種商品卸売業,大阪府大阪市,56599
2023,989800420,株式会社丸井,特定事業所排出者,各種商品小売業,東京都中野区,56598
2023,985070306,エーザイ株式会社,特定事業所排出者,化学工業,東京都文京区,56231
2023,985432451,日本シイエムケイ株式会社,特定事業所排出者,電子部品・デバイス・電子回路製造業,東京都新宿区,56052
2023,620018223,リョービ株式会社,特定事業所排出者,非鉄金属製造業,広島県府中市,55774
2023,985651608,日本航空株式会社,特定事業所排出者,航空運輸業,東京都品川区,54506
2023,240100614,株式会社カワチ薬品,特定事業所排出者,その他の小売業,栃木県小山市,53918
2023,580010691,住友ファーマ株式会社,特定事業所排出者,化学工業,大阪府大阪市,53744
2023,270074650,株式会社マミーマート,特定事業所排出者,飲食料品小売業,埼玉県さいたま市,53726
2023,980955066,株式会社野村総合研究所,特定事業所排出者,情報サービス業,東京都千代田区,53152
2023,985347402,住友ベークライト株式会社,特定事業所排出者,プラスチック製品製造業（別掲を除く）,東京都品川区,52834
2023,986306852,王子マテリア株式会社,特定荷主,パルプ・紙・紙加工品製造業,東京都中央区,52619
2023,580005529,株式会社栗本鐵工所,特定事業所排出者,鉄鋼業,大阪府大阪市,52216
2023,985656604,株式会社ニッスイ,特定事業所排出者,食料品製造業,東京都港区,51889
2023,440007606,株式会社物語コーポレーション,特定事業所排出者,飲食店,愛知県豊橋市,51174
2023,580009386,鴻池運輸株式会社,特定事業所排出者,道路貨物運送業,大阪府大阪市,50406
2023,10172180,株式会社トーモク,特定事業所排出者,パルプ・紙・紙加工品製造業,東京都千代田区,50279
2023,985722307,プリマハム株式会社,特定事業所排出者,食料品製造業,東京都品川区,49672
2023,610005384,岡山県貨物運送株式会社,特定貨物輸送事業者,道路貨物運送業,岡山県岡山市,49041
2023,580305267,東和薬品株式会社,特定事業所排出者,化学工業,大阪府門真市,48921
2023,985164206,協和キリン株式会社,特定事業所排出者,化学工業,東京都千代田区,48692
2023,985494373,東京建物株式会社,特定事業所排出者,不動産賃貸業・管理業,東京都中央区,48639
2023,400108408,株式会社デンソー,特定荷主,輸送用機械器具製造業,愛知県刈谷市,47833
2023,620031360,青山商事株式会社,特定事業所排出者,織物・衣服・身の回り品小売業,広島県福山市,47142
2023,988230127,株式会社ルネサンス,特定事業所排出者,娯楽業,東京都墨田区,47140
2023,580464236,株式会社ダスキン,特定事業所排出者,その他のサービス業,大阪府吹田市,47129
2023,985022102,AGC株式会社,特定荷主,窯業・土石製品製造業,東京都千代田区,45768
2023,350167861,株式会社原信,特定事業所排出者,飲食料品小売業,新潟県長岡市,45630
2023,440105474,フタバ産業株式会社,特定事業所排出者,輸送用機械器具製造業,愛知県岡崎市,45601
2023,160049418,株式会社ヤマザワ,特定事業所排出者,各種商品小売業,山形県山形市,45487
2023,985024303,東　海運　株式会社,特定貨物輸送事業者,水運業,東京都中央区,45228
2023,985634106,ニチアス株式会社,特定事業所排出者,窯業・土石製品製造業,東京都中央区,44861
2023,985615002,日清オイリオグループ株式会社,特定荷主,食料品製造業,東京都中央区,44474
2023,984516556,株式会社良品計画,特定事業所排出者,各種商品小売業,東京都文京区,44444
2023,982926789,株式会社ビックカメラ,特定事業所排出者,各種商品小売業,東京都豊島区,44311
2023,400080568,中央発條株式会社,特定事業所排出者,金属製品製造業,愛知県名古屋市,44068
2023,986126068,合同酒精株式会社,特定事業所排出者,飲料・たばこ・飼料製造業,東京都墨田区,43345
2023,580516950,ダイハツディーゼル株式会社,特定事業所排出者,輸送用機械器具製造業,大阪府大阪市,43284
2023,985675001,株式会社ニッピ,特定事業所排出者,なめし革・同製品・毛皮製造業,東京都足立区,42718
2023,985052200,市光工業株式会社,特定事業所排出者,電気機械器具製造業,神奈川県伊勢原市,42355
2023,580003435,株式会社ヨータイ,特定事業所排出者,窯業・土石製品製造業,大阪府貝塚市,42261
2023,985033106,いすゞ自動車株式会社,特定荷主,輸送用機械器具製造業,神奈川県横浜市,42255
2023,923001166,株式会社ミライト・ワン,特定事業所排出者,設備工事業,東京都江東区,41620
2023,580068000,丸一鋼管株式会社,特定事業所排出者,鉄鋼業,大阪府大阪市,41359
2023,890010333,株式会社アクシーズ,特定事業所排出者,食料品製造業,鹿児島県鹿児島市,40345
2023,401103872,コカ・コーラ　ボトラーズジャパン株式会社,特定貨物輸送事業者,飲料・たばこ・飼料製造業,東京都港区,39913
2023,985302401,株式会社資生堂,特定事業所排出者,化学工業,東京都港区,39770
2023,430105873,スズキ株式会社,特定荷主,輸送用機械器具製造業,静岡県浜松市,39656
2023,580000952,荒川化学工業株式会社,特定事業所排出者,化学工業,大阪府大阪市,39372
2023,620059674,株式会社やまみ,特定事業所排出者,食料品製造業,広島県三原市,39050
2023,10515926,株式会社丸千代山岡家,特定事業所排出者,飲食店,北海道札幌市,39014
2023,400471364,株式会社東祥,特定事業所排出者,娯楽業,愛知県安城市,38868
2023,582297084,株式会社フジシール,特定事業所排出者,印刷・同関連業,大阪府大阪市,38675
2023,985115201,鹿島建設株式会社,特定事業所排出者,総合工事業,東京都港区,38602
2023,200261620,古河電池株式会社,特定事業所排出者,電気機械器具製造業,神奈川県横浜市,38134
2023,985545301,株式会社ティラド,特定事業所排出者,輸送用機械器具製造業,東京都渋谷区,37949
2023,450001320,太平洋工業株式会社,特定事業所排出者,輸送用機械器具製造業,岐阜県大垣市,37887
2023,985197806,高周波熱錬株式会社,特定事業所排出者,金属製品製造業,東京都品川区,37673
2023,580016326,南海電気鉄道株式会社,特定事業所排出者,鉄道業,大阪府大阪市,37500
2023,985445109,株式会社帝国ホテル,特定事業所排出者,宿泊業,東京都千代田区,37394
2023,985525406,東邦化学工業株式会社,特定事業所排出者,化学工業,東京都中央区,37373
2023,985463500,東亜道路工業株式会社,特定事業所排出者,総合工事業,東京都港区,36757
2023,580004067,住友商事株式会社,特定事業所排出者,各種商品卸売業,東京都千代田区,36587
2023,190109698,株式会社幸楽苑ホールディングス,特定事業所排出者,飲食店,福島県郡山市,36494
2023,340022771,一正蒲鉾株式会社,特定事業所排出者,食料品製造業,新潟県新潟市,36400
2023,400027300,カゴメ株式会社,特定事業所排出者,飲料・たばこ・飼料製造業,東京都中央区,36192
2023,200428958,株式会社アイネット,特定事業所排出者,情報サービス業,神奈川県横浜市,35792
2023,270041846,株式会社本田技術研究所,特定事業所排出者,学術・開発研究機関,埼玉県和光市,35630
2023,580270018,ＳＣＳＫ株式会社,特定事業所排出者,情報サービス業,東京都江東区,35486
2023,965006738,デクセリアルズ株式会社,特定事業所排出者,電子部品・デバイス・電子回路製造業,栃木県下野市,35006
2023,580046165,株式会社大紀アルミニウム工業所,特定事業所排出者,非鉄金属製造業,大阪府大阪市,34892
2023,988792136,第一三共株式会社,特定事業所排出者,化学工業,東京都中央区,34425
2023,400203784,カネ美食品株式会社,特定事業所排出者,飲食料品小売業,愛知県名古屋市,34252
2023,580025611,南海化学株式会社,特定事業所排出者,化学工業,大阪府大阪市,34199
2023,985475903,東急株式会社,特定事業所排出者,不動産賃貸業・管理業,東京都渋谷区,33931
2023,985554909,株式会社巴川コーポレーション,特定事業所排出者,プラスチック製品製造業（別掲を除く）,東京都中央区,33835
2023,400068081,株式会社ソトー,特定事業所排出者,繊維工業,愛知県一宮市,33649
2023,985346970,住友重機械工業株式会社,特定事業所排出者,はん用機械器具製造業,東京都品川区,33085
2023,580013638,倉敷紡績株式会社,特定事業所排出者,繊維工業,大阪府大阪市,32959
2023,580378263,伊藤忠エネクス株式会社,特定荷主,建築材料，鉱物・金属材料等卸売業,東京都千代田区,32754
2023,450014730,ハビックス株式会社,特定事業所排出者,パルプ・紙・紙加工品製造業,岐阜県岐阜市,32708
2023,400022896,オークマ株式会社,特定事業所排出者,生産用機械器具製造業,愛知県大口町,32443
2023,400055986,三和油化工業株式会社,特定事業所排出者,化学工業,愛知県刈谷市,32428
2023,985644505,日本金属株式会社,特定事業所排出者,鉄鋼業,東京都港区,32418
2023,200224457,東京応化工業株式会社,特定事業所排出者,化学工業,神奈川県川崎市,32364
2023,500011492,株式会社島津製作所,特定事業所排出者,業務用機械器具製造業,京都府京都市,32024
2023,580316019,株式会社ライフドリンクカンパニー,特定事業所排出者,飲料・たばこ・飼料製造業,大阪府大阪市,31809
2023,400072412,大同特殊鋼株式会社,特定荷主,鉄鋼業,愛知県名古屋市,31364
2023,617015471,不二製油株式会社,特定荷主,食料品製造業,大阪府泉佐野市,31291
2023,580087186,大阪有機化学工業株式会社,特定事業所排出者,化学工業,大阪府大阪市,31173
2023,982991938,株式会社エコス,特定事業所排出者,飲食料品小売業,東京都昭島市,31126
2023,985753608,北興化学工業株式会社,特定事業所排出者,化学工業,東京都中央区,31103
2023,580033041,関西ペイント株式会社,特定事業所排出者,化学工業,大阪府大阪市,30948
2023,980012097,三井住友海上火災保険株式会社,特定事業所排出者,保険業（保険媒介代理業，保険サービス業を含む）,東京都千代田区,30782
2023,985821600,森永製菓株式会社,特定事業所排出者,食料品製造業,東京都港区,30678
2023,510457334,株式会社チャーム・ケア・コーポレーション,特定事業所排出者,社会保険・社会福祉・介護事業,大阪府大阪市,30091
2023,160012329,日東ベスト株式会社,特定事業所排出者,食料品製造業,山形県寒河江市,29969
2023,985660302,日本ゼオン株式会社,特定荷主,化学工業,東京都千代田区,29755
2023,580004361,参天製薬株式会社,特定事業所排出者,化学工業,大阪府大阪市,29596
2023,530138124,ケンコーマヨネーズ株式会社,特定事業所排出者,食料品製造業,東京都杉並区,29473
2023,985444907,ＴＰＲ株式会社,特定事業所排出者,輸送用機械器具製造業,東京都千代田区,29415
2023,200127730,株式会社オカムラ,特定事業所排出者,家具・装備品製造業,神奈川県横浜市,29312
2023,350070066,岩塚製菓株式会社,特定事業所排出者,食料品製造業,新潟県長岡市,29032
2023,470013749,三重交通株式会社,特定旅客輸送事業者,道路旅客運送業,三重県津市,28828
2023,985855107,ライオン株式会社,特定事業所排出者,化学工業,東京都台東区,28458
2023,201820938,株式会社ファルテック,特定事業所排出者,輸送用機械器具製造業,神奈川県川崎市,28440
2023,985492001,東京製綱株式会社,特定事業所排出者,金属製品製造業,東京都江東区,28306
2023,985656604,株式会社ニッスイ,特定荷主,食料品製造業,東京都港区,28160
2023,360000065,株式会社有沢製作所,特定事業所排出者,化学工業,新潟県上越市,28092
2023,985180891,京成電鉄株式会社,特定事業所排出者,不動産賃貸業・管理業,千葉県市川市,27839
2023,810000964,株式会社安川電機,特定事業所排出者,電気機械器具製造業,福岡県北九州市,27782
2023,400061713,新東工業株式会社,特定事業所排出者,生産用機械器具製造業,愛知県豊川市,27646
2023,430110846,株式会社ユニバンス,特定事業所排出者,輸送用機械器具製造業,静岡県湖西市,27613
2023,570009417,株式会社シマノ,特定事業所排出者,輸送用機械器具製造業,大阪府堺市,27113
2023,230019288,株式会社ミツバ,特定事業所排出者,電気機械器具製造業,群馬県桐生市,26922
2023,500002411,株式会社メタルアート,特定事業所排出者,鉄鋼業,滋賀県草津市,26919
2023,440015887,武蔵精密工業株式会社,特定事業所排出者,輸送用機械器具製造業,愛知県豊橋市,26569
2023,650010020,チタン工業株式会社,特定事業所排出者,化学工業,山口県宇部市,26269
2023,580000845,シャープ株式会社,特定事業所排出者,電子部品・デバイス・電子回路製造業,大阪府堺市,26224
2023,880000271,旭有機材株式会社,特定事業所排出者,プラスチック製品製造業（別掲を除く）,宮崎県延岡市,26215
2023,988825433,株式会社テラプローブ,特定事業所排出者,電子部品・デバイス・電子回路製造業,神奈川県横浜市,25922
2023,580363860,積水ハウス株式会社,特定荷主,総合工事業,大阪府大阪市,25887
2023,985747638,平和不動産株式会社,特定事業所排出者,不動産賃貸業・管理業,東京都中央区,25569
2023,540054931,株式会社大真空,特定事業所排出者,電子部品・デバイス・電子回路製造業,兵庫県加古川市,25554
2023,530019231,株式会社ノザワ,特定事業所排出者,窯業・土石製品製造業,兵庫県神戸市,25464
2023,810002271,大石産業株式会社,特定事業所排出者,パルプ・紙・紙加工品製造業,福岡県北九州市,25459
2023,989218557,ジャパンエクセレント投資法人,特定事業所排出者,不動産賃貸業・管理業,東京都港区,25357
2023,200127730,株式会社オカムラ,特定荷主,家具・装備品製造業,神奈川県横浜市,25196
2023,580009386,鴻池運輸株式会社,特定貨物輸送事業者,道路貨物運送業,大阪府大阪市,25196
2023,985320900,昭和産業株式会社,特定荷主,食料品製造業,東京都千代田区,25144
2023,201964633,株式会社ＡＯＫＩ,特定事業所排出者,織物・衣服・身の回り品小売業,神奈川県横浜市,25132
2023,985426300,中越パルプ工業株式会社,特定荷主,パルプ・紙・紙加工品製造業,富山県高岡市,25055
2023,580005171,塩野義製薬株式会社,特定事業所排出者,化学工業,大阪府大阪市,25041
2023,985142906,キユーピー株式会社,特定事業所排出者,食料品製造業,東京都渋谷区,24757
2023,986379330,東京地下鉄株式会社,特定事業所排出者,鉄道業,東京都台東区,24530
2023,240184131,元気寿司株式会社,特定事業所排出者,飲食店,栃木県宇都宮市,24144
2023,270839108,株式会社キャンドゥ,特定事業所排出者,各種商品小売業,東京都新宿区,24013
2023,340285315,株式会社オーシャンシステム,特定事業所排出者,飲食料品小売業,新潟県三条市,23844
2023,989455097,株式会社ゆうちょ銀行,特定事業所排出者,銀行業,東京都千代田区,23622
2023,600009030,カルビー株式会社,特定荷主,食料品製造業,東京都千代田区,23558
2023,985763909,株式会社牧野フライス製作所,特定事業所排出者,生産用機械器具製造業,神奈川県愛川町,23520
2023,400347640,株式会社木曽路,特定事業所排出者,飲食店,愛知県名古屋市,23170
2023,580320183,株式会社グルメ杵屋,特定事業所排出者,飲食店,大阪府大阪市,23123
2023,980722251,トーヨーカラー株式会社,特定事業所排出者,化学工業,東京都中央区,23035
2023,985793309,三菱瓦斯化学株式会社,特定荷主,化学工業,東京都千代田区,22934
2023,348007181,株式会社東光高岳,特定事業所排出者,電気機械器具製造業,東京都江東区,22900
2023,580002410,ダイキン工業株式会社,特定荷主,はん用機械器具製造業,大阪府大阪市,22865
2023,400027300,カゴメ株式会社,特定荷主,飲料・たばこ・飼料製造業,東京都中央区,22459
2023,987601839,アスクル株式会社,特定事業所排出者,その他の小売業,東京都江東区,22384
2023,580212121,日本山村硝子株式会社,特定荷主,窯業・土石製品製造業,兵庫県尼崎市,22357
2023,230017372,株式会社キッツ,特定事業所排出者,はん用機械器具製造業,東京都港区,22289
2023,581915341,さくらインターネット株式会社,特定事業所排出者,通信業,大阪府大阪市,22183
2023,985490507,株式会社ファインシンター,特定事業所排出者,輸送用機械器具製造業,愛知県春日井市,22093
2023,985154907,共同印刷株式会社,特定事業所排出者,印刷・同関連業,東京都文京区,22066
2023,730016870,ニッポン高度紙工業株式会社,特定事業所排出者,パルプ・紙・紙加工品製造業,高知県高知市,22038
2023,985073809,株式会社荏原製作所,特定事業所排出者,はん用機械器具製造業,東京都大田区,22009
2023,985572701,株式会社中村屋,特定事業所排出者,食料品製造業,東京都新宿区,22006
2023,985794601,三菱製鋼株式会社,特定事業所排出者,鉄鋼業,東京都中央区,22006
2023,510301422,DMG森精機株式会社,特定事業所排出者,生産用機械器具製造業,東京都江東区,21760
2023,370028140,ダイト株式会社,特定事業所排出者,化学工業,富山県富山市,21718
2023,400062864,株式会社スズケン,特定事業所排出者,その他の卸売業,愛知県名古屋市,21460
2023,580078445,日本インシュレーション株式会社,特定事業所排出者,窯業・土石製品製造業,大阪府大阪市,21437
2023,10094655,北雄ラッキー株式会社,特定事業所排出者,飲食料品小売業,北海道札幌市,21316
2023,985855107,ライオン株式会社,特定荷主,化学工業,東京都台東区,21227
2023,985330101,信越化学工業株式会社,特定荷主,化学工業,東京都千代田区,21200
2023,985104100,沖電気工業株式会社,特定事業所排出者,情報通信機械器具製造業,東京都港区,21190
2023,530004309,住友ゴム工業株式会社,特定荷主,ゴム製品製造業,兵庫県神戸市,21150
2023,580118756,扶桑薬品工業株式会社,特定事業所排出者,化学工業,大阪府大阪市,21131
2023,985710807,日立建機株式会社,特定荷主,生産用機械器具製造業,東京都台東区,21112
2023,580021891,新田ゼラチン株式会社,特定事業所排出者,化学工業,大阪府八尾市,21084
2023,985525200,東邦アセチレン株式会社,特定事業所排出者,化学工業,宮城県多賀城市,21031
2023,985733507,フジオーゼックス株式会社,特定事業所排出者,輸送用機械器具製造業,静岡県菊川市,21015
2023,985115506,科研製薬株式会社,特定事業所排出者,化学工業,東京都文京区,21003
2023,580046998,株式会社カネカ,特定荷主,化学工業,大阪府大阪市,20920
2023,270041532,株式会社フコク,特定事業所排出者,ゴム製品製造業,埼玉県上尾市,20917
2023,650002304,ＵＢＥ株式会社,特定荷主,化学工業,東京都港区,20789
2023,988911175,日本ロジスティクスファンド投資法人,特定事業所排出者,貸金業，クレジットカード業等非預金信用機関,東京都千代田区,20708
2023,982340785,株式会社エージーピー,特定事業所排出者,運輸に附帯するサービス業,東京都大田区,20452
2023,985793701,三菱マテリアル株式会社,特定荷主,非鉄金属製造業,東京都千代田区,20326
2023,410025560,ユニプレス株式会社,特定事業所排出者,輸送用機械器具製造業,神奈川県横浜市,20253
2023,410017049,日本プラスト株式会社,特定事業所排出者,輸送用機械器具製造業,静岡県富士宮市,20200
2023,400106243,日東工業株式会社（愛知県）,特定事業所排出者,電気機械器具製造業,愛知県長久手市,19668
2023,400072421,株式会社ダイセキ,特定事業所排出者,廃棄物処理業,愛知県名古屋市,19599
2023,400004029,愛知製鋼株式会社,特定荷主,鉄鋼業,愛知県東海市,19530
2023,985833601,山九株式会社,特定事業所排出者,倉庫業,東京都中央区,19512
2023,985384003,大日精化工業株式会社,特定事業所排出者,化学工業,東京都中央区,19490
2023,10307791,日本調剤株式会社,特定事業所排出者,その他の小売業,東京都千代田区,19485
2023,985420932,株式会社チヨダ,特定事業所排出者,織物・衣服・身の回り品小売業,東京都杉並区,19423
2023,370067952,株式会社タカギセイコー,特定事業所排出者,プラスチック製品製造業（別掲を除く）,富山県高岡市,19251
2023,985081533,オリックス株式会社,特定事業所排出者,物品賃貸業,東京都港区,19044
2023,985142906,キユーピー株式会社,特定荷主,食料品製造業,東京都渋谷区,19016
2023,530186435,株式会社ロック・フィールド,特定事業所排出者,食料品製造業,兵庫県神戸市,18847
2023,270250176,株式会社安楽亭,特定事業所排出者,飲食店,埼玉県さいたま市,18721
2023,985821600,森永製菓株式会社,特定荷主,食料品製造業,東京都港区,18679
2023,10134859,株式会社北洋銀行,特定事業所排出者,銀行業,北海道札幌市,18609
2023,985786805,三井物産株式会社,特定荷主,各種商品卸売業,東京都千代田区,18601
2023,985630500,日東富士製粉株式会社,特定事業所排出者,食料品製造業,東京都中央区,18225
2023,580026242,加藤産業株式会社,特定荷主,飲食料品卸売業,兵庫県西宮市,17948
2023,400420801,サガミレストランツ株式会社,特定事業所排出者,飲食店,愛知県名古屋市,17815
2023,985646143,セコム株式会社,特定事業所排出者,その他の事業サービス業,東京都渋谷区,17811
2023,985346700,住友金属鉱山株式会社,特定荷主,非鉄金属製造業,東京都港区,17803
2023,260058438,パウダーテック株式会社,特定事業所排出者,鉄鋼業,千葉県柏市,17718
2023,580013988,ＮＴＮ株式会社,特定荷主,はん用機械器具製造業,大阪府大阪市,17468
2023,985150677,株式会社ジーテクト,特定事業所排出者,金属製品製造業,埼玉県さいたま市,17465
2023,580007523,ユニチカ株式会社,特定荷主,繊維工業,大阪府大阪市,17399
2023,200106551,株式会社アマダ,特定事業所排出者,生産用機械器具製造業,神奈川県伊勢原市,17353
2023,530043227,日本毛織株式会社,特定事業所排出者,繊維工業,大阪府大阪市,17304
2023,985061307,ウシオ電機株式会社,特定事業所排出者,電気機械器具製造業,東京都千代田区,17122
2023,200307836,株式会社横浜銀行,特定事業所排出者,銀行業,神奈川県横浜市,17035
2023,370000096,朝日印刷株式会社,特定事業所排出者,印刷・同関連業,富山県富山市,17003
2023,985211208,株式会社サンエー化研,特定事業所排出者,プラスチック製品製造業（別掲を除く）,東京都中央区,17000
2023,400829264,株式会社あみやき亭,特定事業所排出者,飲食店,愛知県春日井市,16823
2023,985231659,三井住建道路株式会社,特定事業所排出者,総合工事業,東京都新宿区,16778
2023,400996871,株式会社ダイセキ環境ソリューション,特定荷主,廃棄物処理業,愛知県名古屋市,16733
2023,985785601,三井金属鉱業株式会社,特定荷主,非鉄金属製造業,東京都品川区,16630
2023,610013457,はるやま商事株式会社,特定事業所排出者,織物・衣服・身の回り品小売業,岡山県岡山市,16514
2023,980551511,かどや製油株式会社,特定事業所排出者,食料品製造業,東京都品川区,16488
2023,985681250,ＢＩＰＲＯＧＹ株式会社,特定事業所排出者,情報サービス業,東京都江東区,16291
2023,646020521,株式会社ＫＯＫＵＳＡＩ　ＥＬＥＣＴＲＩＣ,特定事業所排出者,生産用機械器具製造業,東京都千代田区,16275
2023,440105474,フタバ産業株式会社,特定荷主,輸送用機械器具製造業,愛知県岡崎市,16193
2023,985735708,アルフレッサ株式会社,特定事業所排出者,その他の卸売業,東京都千代田区,16150
2023,580008914,永大産業株式会社,特定事業所排出者,木材・木製品製造業（家具を除く）,大阪府大阪市,16149
2023,985451705,デンカ株式会社,特定荷主,化学工業,東京都中央区,16142
2023,985845808,有機合成薬品工業株式会社,特定事業所排出者,化学工業,東京都中央区,16070
2023,530041142,三ツ星ベルト株式会社,特定事業所排出者,ゴム製品製造業,兵庫県神戸市,16020
2023,10108591,日糧製パン株式会社,特定事業所排出者,食料品製造業,北海道札幌市,16009
2023,985606809,日機装株式会社,特定事業所排出者,業務用機械器具製造業,東京都渋谷区,16004
2023,250304627,株式会社アダストリア,特定事業所排出者,織物・衣服・身の回り品小売業,東京都渋谷区,15998
2023,240041694,仙波糖化工業株式会社,特定事業所排出者,食料品製造業,栃木県真岡市,15875
2023,980885721,株式会社ＵＡＣＪ,特定荷主,非鉄金属製造業,東京都千代田区,15858
2023,580316019,株式会社ライフドリンクカンパニー,特定荷主,飲料・たばこ・飼料製造業,大阪府大阪市,15803
2023,985791609,株式会社ミクニ,特定事業所排出者,輸送用機械器具製造業,東京都千代田区,15663
2023,985314608,松竹株式会社,特定事業所排出者,映像・音声・文字情報制作業,東京都中央区,15635
2023,710042317,株式会社マルヨシセンター,特定事業所排出者,飲食料品小売業,香川県高松市,15624
2023,985866101,株式会社佐藤渡辺,特定事業所排出者,総合工事業,東京都港区,15543
2023,450030921,株式会社大光,特定事業所排出者,飲食料品卸売業,岐阜県大垣市,15508
2023,985620405,日新製糖株式会社,特定事業所排出者,食料品製造業,東京都中央区,15392
2023,980951076,大成ラミック株式会社,特定事業所排出者,プラスチック製品製造業（別掲を除く）,埼玉県白岡市,15364
2023,982276138,ユニオンツール株式会社,特定事業所排出者,生産用機械器具製造業,東京都品川区,15287
2023,540046358,多木化学株式会社,特定事業所排出者,化学工業,兵庫県加古川市,15261
2023,500015052,オムロン株式会社,特定事業所排出者,電気機械器具製造業,京都府京都市,15245
2023,581716098,株式会社日本エスコン,特定事業所排出者,不動産賃貸業・管理業,東京都港区,14969
2023,581492093,株式会社あさひ,特定事業所排出者,機械器具小売業,大阪府大阪市,14965
2023,985300602,シチズン時計株式会社,特定事業所排出者,その他の製造業,東京都西東京市,14953
2023,980516638,株式会社ビー・エム・エル,特定事業所排出者,医療業,東京都渋谷区,14828
2023,580322544,丸大食品株式会社,特定荷主,食料品製造業,大阪府高槻市,14803
2023,580022136,株式会社ツバキ・ナカシマ,特定事業所排出者,はん用機械器具製造業,奈良県葛城市,14787
2023,718002004,株式会社ＲＳＴｅｃｈｎｏｌｏｇｉｅｓ,特定事業所排出者,金属製品製造業,東京都品川区,14587
2023,580464236,株式会社ダスキン,特定荷主,その他のサービス業,大阪府吹田市,14409
2023,600196273,株式会社あじかん,特定事業所排出者,食料品製造業,広島県広島市,14391
2023,270056992,イーグル工業株式会社,特定事業所排出者,金属製品製造業,東京都港区,14136
2023,985672804,日本特殊塗料株式会社,特定事業所排出者,輸送用機械器具製造業,東京都北区,14099
2023,985694301,長谷川香料株式会社,特定事業所排出者,化学工業,東京都中央区,14097
2023,720021141,阿波製紙株式会社,特定事業所排出者,パルプ・紙・紙加工品製造業,徳島県徳島市,14044
2023,530003811,日本精化株式会社,特定事業所排出者,化学工業,大阪府大阪市,13943
2023,400145457,名港海運株式会社,特定事業所排出者,運輸に附帯するサービス業,愛知県名古屋市,13932
2023,113015451,株式会社　アインファーマシーズ,特定事業所排出者,その他の小売業,北海道札幌市,13910
2023,400448741,株式会社ブロンコビリー,特定事業所排出者,飲食店,愛知県名古屋市,13845
2023,430018867,株式会社エフ・シー・シー,特定事業所排出者,輸送用機械器具製造業,静岡県浜松市,13641
2023,985186105,株式会社小糸製作所,特定荷主,電気機械器具製造業,東京都品川区,13393
2023,580006885,株式会社名村造船所,特定事業所排出者,輸送用機械器具製造業,大阪府大阪市,13372
2023,985640702,日本化学産業株式会社,特定事業所排出者,化学工業,東京都台東区,13317
2023,203001858,SFPホールディングス株式会社,特定事業所排出者,各種商品小売業,東京都世田谷区,13259
2023,985732180,冨士ダイス株式会社,特定事業所排出者,生産用機械器具製造業,東京都大田区,13147
2023,860037149,株式会社サニックス,特定事業所排出者,廃棄物処理業,福岡県福岡市,13096
2023,986249362,株式会社パイロットコーポレーション,特定事業所排出者,その他の製造業,東京都中央区,13080
2023,985525308,東邦亜鉛株式会社,特定荷主,非鉄金属製造業,東京都千代田区,12948
2023,985660705,日本精工株式会社,特定荷主,はん用機械器具製造業,東京都品川区,12897
2023,200309975,東部ネットワーク株式会社,特定貨物輸送事業者,道路貨物運送業,神奈川県横浜市,12848
2023,985744304,古河電気工業株式会社,特定荷主,非鉄金属製造業,東京都千代田区,12702
2023,850060653,株式会社リンガーハット,特定事業所排出者,飲食店,東京都品川区,12690
2023,450012038,株式会社トーカイ（岐阜県）,特定事業所排出者,洗濯・理容・美容・浴場業,岐阜県岐阜市,12687
2023,200391141,ユー・エム・シー・エレクトロニクス株式会社,特定事業所排出者,電子部品・デバイス・電子回路製造業,埼玉県上尾市,12681
2023,985462709,東亞合成株式会社,特定荷主,化学工業,東京都港区,12678
2023,380050117,ニッコー株式会社,特定事業所排出者,窯業・土石製品製造業,石川県白山市,12671
2023,986126068,合同酒精株式会社,特定荷主,飲料・たばこ・飼料製造業,千葉県松戸市,12555
2023,985023558,旭ダイヤモンド工業株式会社,特定事業所排出者,生産用機械器具製造業,東京都千代田区,12500
2023,984033139,松田産業株式会社,特定事業所排出者,建築材料，鉱物・金属材料等卸売業,東京都新宿区,12373
2023,985023807,株式会社ＡＤＥＫＡ,特定荷主,化学工業,東京都荒川区,12332
2023,985722307,プリマハム株式会社,特定荷主,食料品製造業,東京都品川区,12268
2023,400394041,株式会社壱番屋,特定事業所排出者,飲食店,愛知県一宮市,12231
2023,988775190,株式会社カーブスジャパン,特定事業所排出者,その他の教育，学習支援業,東京都港区,12220
2023,985561805,那須電機鉄工株式会社,特定事業所排出者,金属製品製造業,東京都新宿区,12212
2023,200268658,日本鋳造株式会社,特定事業所排出者,鉄鋼業,神奈川県川崎市,12210
2023,985681705,日本郵船株式会社,特定事業所排出者,水運業,東京都千代田区,12130
2023,580066239,コクヨ株式会社,特定事業所排出者,その他の製造業,大阪府大阪市,12120
2023,60032383,株式会社ホクリヨウ,特定事業所排出者,農業,北海道札幌市,12034
2023,200494022,株式会社コナカ,特定事業所排出者,織物・衣服・身の回り品小売業,神奈川県横浜市,11781
2023,200270020,日本発条株式会社,特定荷主,輸送用機械器具製造業,神奈川県横浜市,11761
2023,580086410,株式会社 PILLAR,特定事業所排出者,はん用機械器具製造業,大阪府大阪市,11757
2023,580008914,永大産業株式会社,特定荷主,木材・木製品製造業（家具を除く）,大阪府大阪市,11743
2023,890084079,株式会社新日本科学,特定事業所排出者,学術・開発研究機関,鹿児島県鹿児島市,11714
2023,981036772,株式会社エフテック,特定事業所排出者,輸送用機械器具製造業,埼玉県久喜市,11692
2023,340050506,株式会社コロナ,特定荷主,電気機械器具製造業,新潟県三条市,11559
2023,970229903,株式会社やまびこ,特定事業所排出者,生産用機械器具製造業,東京都青梅市,11503
2023,330212413,株式会社共和コーポレーション,特定事業所排出者,娯楽業,長野県長野市,11445
2023,530316763,ケミプロ化成株式会社,特定事業所排出者,化学工業,兵庫県神戸市,11439
2023,370020007,三光合成株式会社,特定事業所排出者,プラスチック製品製造業（別掲を除く）,富山県南砺市,11408
2023,580074375,フジコピアン株式会社 ,特定事業所排出者,印刷・同関連業,大阪府大阪市,11320
2023,580388091,尾家産業株式会社,特定貨物輸送事業者,飲食料品卸売業,大阪府大阪市,11265
2023,450028001,未来工業株式会社,特定事業所排出者,プラスチック製品製造業（別掲を除く）,岐阜県輪之内町,11100
2023,800180205,株式会社ダイショー,特定事業所排出者,食料品製造業,福岡県福岡市,11045
2023,985141702,株式会社関電工,特定事業所排出者,設備工事業,東京都港区,11007
2023,400119911,株式会社フジミインコーポレーテッド,特定事業所排出者,窯業・土石製品製造業,愛知県清須市,10934
2023,400127379,株式会社マキタ（愛知県）,特定事業所排出者,生産用機械器具製造業,愛知県安城市,10889
2023,651008993,株式会社ジュンテンドー,特定事業所排出者,各種商品小売業,島根県益田市,10815
2023,985134029,川崎汽船株式会社,特定事業所排出者,水運業,東京都千代田区,10781
2023,980947289,SBSリコーロジスティクス株式会社,特定事業所排出者,倉庫業,東京都大田区,10704
2023,200268068,シーカ・ジャパン株式会社,特定事業所排出者,化学工業,東京都港区,10695
2023,580106577,恵和株式会社,特定事業所排出者,プラスチック製品製造業（別掲を除く）,東京都中央区,10605
2023,400126415,ホシザキ株式会社,特定事業所排出者,はん用機械器具製造業,愛知県豊明市,10559
2023,982145010,エバラ食品工業株式会社,特定事業所排出者,食料品製造業,神奈川県横浜市,10511
2023,988946850,日本郵政株式会社,特定事業所排出者,医療業,東京都千代田区,10459
2023,500018564,日本新薬株式会社,特定事業所排出者,化学工業,京都府京都市,10349
2023,285011306,株式会社ベルシステム２４,特定事業所排出者,その他の事業サービス業,東京都港区,10269
2023,400004332,愛知電機株式会社,特定事業所排出者,電気機械器具製造業,愛知県春日井市,10250
2023,470015734,株式会社安永,特定事業所排出者,輸送用機械器具製造業,三重県伊賀市,10235
2023,200262663,株式会社放電精密加工研究所,特定事業所排出者,生産用機械器具製造業,神奈川県横浜市,10227
2023,580026242,加藤産業株式会社,特定事業所排出者,飲食料品卸売業,兵庫県西宮市,10213
2023,570091283,コーナン商事株式会社,特定荷主,各種商品小売業,大阪府堺市,10122
2023,580014081,株式会社ダイフク,特定事業所排出者,はん用機械器具製造業,大阪府大阪市,10094
2023,985331903,シンフォニアテクノロジー株式会社,特定事業所排出者,電気機械器具製造業,東京都港区,10067
2023,985376100,大成建設株式会社,特定事業所排出者,総合工事業,東京都新宿区,9967
2023,380034221,澁谷工業株式会社,特定事業所排出者,生産用機械器具製造業,石川県金沢市,9951
2023,460020866,株式会社柿安本店,特定事業所排出者,飲食料品小売業,三重県桑名市,9927
2023,400107868,日本車輌製造株式会社,特定事業所排出者,輸送用機械器具製造業,愛知県名古屋市,9817
2023,600053271,株式会社広島銀行,特定事業所排出者,銀行業,広島県広島市,9779
2023,410096445,南部化成株式会社,特定事業所排出者,プラスチック製品製造業（別掲を除く）,静岡県吉田町,9768
2023,980645457,トーイン株式会社,特定事業所排出者,パルプ・紙・紙加工品製造業,東京都江東区,9740
2023,985350801,ゼリア新薬工業株式会社,特定事業所排出者,化学工業,東京都中央区,9736
2023,983800979,株式会社ハーモニック・ドライブ・システムズ,特定事業所排出者,はん用機械器具製造業,東京都品川区,9730
2023,530196549,ＪＣＲファーマ株式会社,特定事業所排出者,化学工業,兵庫県芦屋市,9728
2023,570004902,モリ工業株式会社,特定事業所排出者,鉄鋼業,大阪府河内長野市,9727
2023,810000811,株式会社井筒屋,特定事業所排出者,各種商品小売業,福岡県北九州市,9710
2023,985338299,鈴与シンワート株式会社,特定事業所排出者,情報サービス業,東京都港区,9677
2023,980949784,ジオマテック株式会社,特定事業所排出者,情報通信機械器具製造業,神奈川県横浜市,9659
2023,650003357,株式会社ファーストリテイリング,特定事業所排出者,織物・衣服・身の回り品小売業,山口県山口市,9625
2023,740054417,三浦工業株式会社,特定事業所排出者,はん用機械器具製造業,愛媛県松山市,9604
2023,985681302,日油株式会社,特定荷主,化学工業,東京都渋谷区,9546
2023,580033041,関西ペイント株式会社,特定荷主,化学工業,大阪府大阪市,9520
2023,985091979,日本ロジテム株式会社,特定事業所排出者,道路貨物運送業,東京都港区,9520
2023,985760809,マックス株式会社,特定事業所排出者,生産用機械器具製造業,東京都中央区,9499
2023,400083102,中部飼料株式会社,特定荷主,飲料・たばこ・飼料製造業,愛知県名古屋市,9407
2023,985495906,東芝テック株式会社,特定事業所排出者,電気機械器具製造業,東京都品川区,9376
2023,515058252,株式会社カクヤス,特定事業所排出者,飲食料品小売業,東京都北区,9343
2023,271134592,曙ブレーキ岩槻製造株式会社,特定事業所排出者,輸送用機械器具製造業,埼玉県さいたま市,9271
2023,981006497,ＮＳＷ株式会社,特定事業所排出者,情報サービス業,東京都渋谷区,9268
2023,985302401,株式会社資生堂,特定荷主,化学工業,東京都港区,9266
2023,985642108,日本フイルコン株式会社,特定事業所排出者,金属製品製造業,東京都稲城市,9247
2023,580068000,丸一鋼管株式会社,特定荷主,鉄鋼業,大阪府大阪市,9242
2023,985735708,アルフレッサ株式会社,特定貨物輸送事業者,その他の卸売業,東京都千代田区,9229
2023,200497605,株式会社ソディック,特定事業所排出者,生産用機械器具製造業,神奈川県横浜市,9206
2023,982013576,株式会社ソラスト,特定事業所排出者,その他のサービス業,東京都港区,9169
2023,420037205,はごろもフーズ株式会社,特定事業所排出者,食料品製造業,静岡県静岡市,9126
2023,985732902,富士電機株式会社,特定荷主,電気機械器具製造業,東京都品川区,9122
2023,985188404,株式会社コーセー,特定事業所排出者,その他の卸売業,東京都中央区,9059
2023,581100003,西日本旅客鉄道株式会社,特定事業所排出者,鉄道業,大阪府大阪市,9041
2023,260287664,株式会社サイゼリヤ,特定荷主,飲食店,埼玉県吉川市,9032
2023,400031911,兼房株式会社,特定事業所排出者,金属製品製造業,愛知県大口町,9003
2023,985142611,キヤノンマーケティングジャパン株式会社,特定事業所排出者,機械器具卸売業,東京都港区,9000
2023,580894246,株式会社スタジオアリス,特定事業所排出者,技術サービス業（他に分類されないもの）,大阪府大阪市,8950
2023,980852004,Ｍｉｐｏｘ株式会社,特定事業所排出者,窯業・土石製品製造業,栃木県鹿沼市,8949
2023,200137262,神奈川中央交通株式会社,特定事業所排出者,道路旅客運送業,神奈川県平塚市,8918
2023,270046172,株式会社マルエツ,特定荷主,飲食料品小売業,東京都豊島区,8884
2023,530138124,ケンコーマヨネーズ株式会社,特定荷主,食料品製造業,東京都杉並区,8865
2023,980644478,竹本容器株式会社,特定事業所排出者,プラスチック製品製造業（別掲を除く）,東京都台東区,8847
2023,340050506,株式会社コロナ,特定事業所排出者,電気機械器具製造業,新潟県三条市,8834
2023,985093795,株式会社大塚商会,特定事業所排出者,情報サービス業,東京都千代田区,8808
2023,400049334,佐藤食品工業株式会社,特定事業所排出者,食料品製造業,愛知県小牧市,8803
2023,260063008,双葉電子工業株式会社,特定事業所排出者,電子部品・デバイス・電子回路製造業,千葉県茂原市,8799
2023,985723402,リンテック株式会社,特定荷主,パルプ・紙・紙加工品製造業,東京都板橋区,8731
2023,800055341,イフジ産業株式会社,特定事業所排出者,食料品製造業,福岡県粕屋町,8694
2023,985786805,三井物産株式会社,特定事業所排出者,各種商品卸売業,東京都千代田区,8618
2023,982373946,株式会社サックスバーホールディングス,特定事業所排出者,織物・衣服・身の回り品小売業,東京都葛飾区,8593
2023,985744707,文化シヤッター株式会社,特定事業所排出者,金属製品製造業,東京都文京区,8535
2023,985561206,株式会社なとり,特定事業所排出者,食料品製造業,東京都北区,8478
2023,400905240,株式会社ユー・エス・エス,特定事業所排出者,その他のサービス業,愛知県東海市,8467
2023,985495503,東京鐵鋼株式会社,特定荷主,鉄鋼業,東京都千代田区,8438
2023,981036997,株式会社シーイーシー,特定事業所排出者,情報サービス業,東京都渋谷区,8347
2023,200189213,株式会社シンニッタン,特定事業所排出者,鉄鋼業,茨城県高萩市,8301
2023,985630500,日東富士製粉株式会社,特定荷主,食料品製造業,東京都中央区,8208
2023,987601839,アスクル株式会社,特定荷主,その他の小売業,東京都江東区,8198
2023,580063667,タイガースポリマー株式会社,特定事業所排出者,ゴム製品製造業,大阪府豊中市,8186
2023,200312513,横浜冷凍株式会社,特定荷主,飲食料品卸売業,神奈川県横浜市,8140
2023,350070342,ヨネックス株式会社,特定事業所排出者,その他の製造業,東京都文京区,8057
2023,330016761,株式会社八十二銀行,特定事業所排出者,銀行業,長野県長野市,8055
2023,985794306,三菱重工業株式会社,特定荷主,はん用機械器具製造業,東京都千代田区,8044
2023,985480707,東京計器株式会社,特定事業所排出者,電気機械器具製造業,東京都大田区,8035
2023,985671001,日本電波工業株式会社,特定事業所排出者,電子部品・デバイス・電子回路製造業,東京都渋谷区,8005
2023,991210494,千葉ウエックス株式会社,特定事業所排出者,洗濯・理容・美容・浴場業,千葉県松戸市,7944
2023,985364280,株式会社タムロン,特定事業所排出者,業務用機械器具製造業,埼玉県さいたま市,7892
2023,985314789,株式会社ＳＨＯＥＩ,特定事業所排出者,その他の製造業,東京都台東区,7876
2023,400082929,中部鋼鈑株式会社,特定荷主,鉄鋼業,愛知県名古屋市,7835
2023,580007917,株式会社きんでん,特定事業所排出者,設備工事業,大阪府大阪市,7752
2023,985863904,わかもと製薬株式会社,特定事業所排出者,化学工業,東京都中央区,7644
2023,620018223,リョービ株式会社,特定荷主,非鉄金属製造業,広島県府中市,7643
2023,985600940,株式会社ニフコ,特定事業所排出者,プラスチック製品製造業（別掲を除く）,神奈川県横須賀市,7601
2023,580015516,神東塗料株式会社,特定事業所排出者,化学工業,兵庫県尼崎市,7583
2023,985144105,木徳神糧株式会社 ,特定事業所排出者,食料品製造業,東京都千代田区,7566
2023,580388091,尾家産業株式会社,特定事業所排出者,飲食料品卸売業,大阪府大阪市,7564
2023,360005268,株式会社ナルス,特定事業所排出者,飲食料品小売業,新潟県上越市,7524
2023,400126184,豊和工業株式会社,特定事業所排出者,生産用機械器具製造業,愛知県清須市,7511
2023,400095131,豊田通商株式会社,特定荷主,各種商品卸売業,愛知県名古屋市,7493
2023,340292445,株式会社トップカルチャー,特定事業所排出者,その他の小売業,新潟県新潟市,7481
2023,177013582,ＡＢホテル株式会社,特定事業所排出者,宿泊業,愛知県安城市,7461
2023,610337348,株式会社サンマルクホールディングス,特定事業所排出者,専門サービス業（他に分類されないもの）,岡山県岡山市,7433
2023,530010128,川西倉庫株式会社,特定事業所排出者,倉庫業,兵庫県神戸市,7347
2023,580037596,京阪神ビルディング株式会社,特定事業所排出者,不動産賃貸業・管理業,大阪府大阪市,7304
2023,200109016,株式会社イクヨ,特定事業所排出者,プラスチック製品製造業（別掲を除く）,神奈川県厚木市,7288
2023,450002873,サンメッセ株式会社,特定事業所排出者,印刷・同関連業,岐阜県大垣市,7273
2023,820013705,鳥越製粉株式会社,特定事業所排出者,食料品製造業,福岡県福岡市,7225
2023,580455148,トラスコ中山株式会社,特定事業所排出者,機械器具卸売業,東京都港区,7160
2023,500107029,シライ電子工業株式会社,特定事業所排出者,電子部品・デバイス・電子回路製造業,滋賀県野洲市,7158
2023,580046165,株式会社大紀アルミニウム工業所,特定荷主,非鉄金属製造業,大阪府大阪市,7153
2023,580066239,コクヨ株式会社,特定荷主,その他の製造業,大阪府大阪市,7117
2023,985362703,綜研化学株式会社,特定事業所排出者,化学工業,東京都豊島区,7114
2023,985364708,株式会社タムラ製作所,特定事業所排出者,電子部品・デバイス・電子回路製造業,東京都練馬区,7063
2023,985091979,日本ロジテム株式会社,特定貨物輸送事業者,道路貨物運送業,東京都港区,7028
2023,985640300,日本カーリット株式会社,特定事業所排出者,化学工業,東京都中央区,6942
2023,500062007,京セラ株式会社,特定荷主,電子部品・デバイス・電子回路製造業,京都府京都市,6924
2023,200479671,黒田精工株式会社,特定事業所排出者,はん用機械器具製造業,神奈川県川崎市,6894
2023,753023338,クオール株式会社,特定事業所排出者,その他の小売業,東京都港区,6881
2023,540029268,グローリー株式会社,特定事業所排出者,業務用機械器具製造業,兵庫県姫路市,6880
2023,180007371,株式会社東邦銀行,特定事業所排出者,銀行業,福島県福島市,6835
2023,400004459,愛知時計電機株式会社,特定事業所排出者,業務用機械器具製造業,愛知県名古屋市,6823
2023,985132605,ＫＹＢ株式会社,特定荷主,輸送用機械器具製造業,東京都港区,6815
2023,580252261,エスペック株式会社,特定事業所排出者,業務用機械器具製造業,大阪府大阪市,6790
2023,270044703,テイ・エス　テック株式会社,特定事業所排出者,輸送用機械器具製造業,埼玉県朝霞市,6739
2023,617001903,ＫＨネオケム株式会社,特定荷主,化学工業,東京都中央区,6706
2023,985840651,ジェコス株式会社,特定荷主,物品賃貸業,東京都文京区,6693
2023,580000845,シャープ株式会社,特定荷主,電子部品・デバイス・電子回路製造業,大阪府堺市,6692
2023,270181239,ＡＧＳ株式会社,特定事業所排出者,情報サービス業,埼玉県さいたま市,6689
2023,201978129,株式会社ＪＶＣケンウッド,特定事業所排出者,電気機械器具製造業,神奈川県横浜市,6664
2023,985000787,アコム株式会社,特定事業所排出者,貸金業，クレジットカード業等非預金信用機関,東京都港区,6661
2023,350007367,北越メタル株式会社,特定荷主,鉄鋼業,新潟県長岡市,6619
2023,260088197,三協フロンテア株式会社,特定事業所排出者,金属製品製造業,千葉県柏市,6597
2023,985466806,東海カーボン株式会社,特定荷主,窯業・土石製品製造業,東京都港区,6543
2023,400089901,株式会社トーエネック,特定事業所排出者,設備工事業,愛知県名古屋市,6536
2023,570009570,堺化学工業株式会社,特定荷主,化学工業,大阪府堺市,6522
2023,985622301,株式会社ニッチツ,特定事業所排出者,生産用機械器具製造業,東京都港区,6490
2023,870031327,平田機工株式会社,特定事業所排出者,生産用機械器具製造業,熊本県熊本市,6483
2023,100331534,株式会社ホットマン,特定事業所排出者,機械器具小売業,宮城県仙台市,6458
2023,580291528,株式会社サンユウ,特定事業所排出者,鉄鋼業,大阪府枚方市,6416
2023,982661450,パンチ工業株式会社,特定事業所排出者,生産用機械器具製造業,東京都品川区,6399
2023,985762803,前澤化成工業株式会社,特定事業所排出者,プラスチック製品製造業（別掲を除く）,東京都中央区,6385
2023,401141944,株式会社扇屋東日本,特定事業所排出者,飲食店,東京都新宿区,6332
2023,200174678,株式会社山王,特定事業所排出者,金属製品製造業,神奈川県横浜市,6317
2023,581978181,株式会社きちり,特定事業所排出者,飲食店,大阪府大阪市,6266
2023,500025003,三洋化成工業株式会社,特定荷主,化学工業,京都府京都市,6197
2023,400003747,株式会社アイチコーポレーション,特定事業所排出者,輸送用機械器具製造業,埼玉県上尾市,6182
2023,580352113,株式会社ＭＯＲＥＳＣＯ,特定事業所排出者,石油製品・石炭製品製造業,兵庫県神戸市,6176
2023,580220830,ダイジェット工業株式会社,特定事業所排出者,生産用機械器具製造業,大阪府大阪市,6149
2023,860037149,株式会社サニックス,特定荷主,廃棄物処理業,福岡県福岡市,6138
2023,530062376,株式会社ノーリツ,特定荷主,金属製品製造業,兵庫県神戸市,6128
2023,160011036,株式会社かわでん,特定事業所排出者,電気機械器具製造業,山形県南陽市,6107
2023,985338708,テルモ株式会社,特定荷主,業務用機械器具製造業,東京都渋谷区,6097
2023,400162707,株式会社あさくま,特定事業所排出者,飲食店,愛知県名古屋市,6069
2023,270042217,株式会社武蔵野銀行,特定事業所排出者,銀行業,埼玉県さいたま市,6059
2023,985675501,日本フエルト株式会社,特定事業所排出者,繊維工業,東京都北区,6006
2023,800013163,玉屋リネンサービス株式会社,特定事業所排出者,洗濯・理容・美容・浴場業,福岡県福岡市,5990
2023,500124217,ニデック株式会社,特定事業所排出者,電子部品・デバイス・電子回路製造業,京都府京都市,5983
2023,985004202,アンリツ株式会社,特定事業所排出者,電気機械器具製造業,神奈川県厚木市,5962
2023,400031142,アスカ株式会社,特定事業所排出者,輸送用機械器具製造業,愛知県刈谷市,5944
2023,400011140,伊勢湾海運株式会社,特定事業所排出者,運輸に附帯するサービス業,愛知県名古屋市,5942
2023,400048364,株式会社サンゲツ,特定荷主,建築材料，鉱物・金属材料等卸売業,愛知県名古屋市,5909
2023,985472901,東京エレクトロン株式会社,特定荷主,生産用機械器具製造業,東京都港区,5903
2023,985851108,横河電機株式会社,特定事業所排出者,電気機械器具製造業,東京都武蔵野市,5903
2023,400470911,株式会社コモ,特定事業所排出者,食料品製造業,愛知県小牧市,5878
2023,201844321,株式会社コロワイドMD,特定事業所排出者,食料品製造業,神奈川県横浜市,5860
2023,982470028,トーセイ株式会社,特定事業所排出者,不動産取引業,東京都港区,5857
2023,985777001,丸藤シートパイル株式会社,特定荷主,建築材料，鉱物・金属材料等卸売業,東京都中央区,5842
2023,986328573,株式会社三井住友フィナンシャルグループ,特定事業所排出者,補助的金融業等,東京都千代田区,5831
2023,985141604,関東電化工業株式会社,特定荷主,化学工業,東京都千代田区,5829
2023,985681204,日本冶金工業株式会社,特定荷主,鉄鋼業,東京都中央区,5818
2023,985384003,大日精化工業株式会社,特定荷主,化学工業,東京都中央区,5817
2023,580006221,小林製薬株式会社,特定荷主,化学工業,大阪府大阪市,5807
2023,580118219,朝日放送グループホールディングス株式会社,特定事業所排出者,放送業,大阪府大阪市,5807
2023,580003435,株式会社ヨータイ,特定荷主,窯業・土石製品製造業,大阪府貝塚市,5797
2023,510305691,株式会社イムラ,特定事業所排出者,パルプ・紙・紙加工品製造業,大阪府大阪市,5791
2023,610005384,岡山県貨物運送株式会社,特定事業所排出者,道路貨物運送業,岡山県岡山市,5776
2023,985193709,児玉化学工業株式会社,特定事業所排出者,プラスチック製品製造業（別掲を除く）,東京都千代田区,5776
2023,530062376,株式会社ノーリツ,特定事業所排出者,金属製品製造業,兵庫県神戸市,5764
2023,985793407,三菱鉛筆株式会社,特定事業所排出者,その他の製造業,東京都品川区,5730
2023,800035358,株式会社九電工,特定事業所排出者,設備工事業,福岡県福岡市,5683
2023,985024303,東海運株式会社,特定事業所排出者,倉庫業,東京都中央区,5682
2023,982145010,エバラ食品工業株式会社,特定荷主,食料品製造業,神奈川県横浜市,5674
2023,330023247,株式会社竹内製作所,特定事業所排出者,生産用機械器具製造業,長野県坂城町,5673
2023,984324332,株式会社ひらまつ,特定事業所排出者,その他のサービス業,東京都渋谷区,5662
2023,982032885,株式会社アートネイチャー,特定事業所排出者,その他の事業サービス業,東京都渋谷区,5658
2023,580013351,シキボウ株式会社,特定事業所排出者,繊維工業,大阪府大阪市,5653
2023,985651107,日本光電工業株式会社,特定事業所排出者,電気機械器具製造業,東京都新宿区,5652
2023,985452408,電源開発株式会社,特定荷主,電気業,東京都中央区,5626
2023,985415001,株式会社タチエス,特定事業所排出者,輸送用機械器具製造業,東京都青梅市,5610
2023,983470677,杏林製薬株式会社,特定事業所排出者,化学工業,東京都千代田区,5593
2023,985144876,パラマウントベッド株式会社,特定事業所排出者,家具・装備品製造業,東京都江東区,5563
2023,985753009,北越工業株式会社,特定事業所排出者,はん用機械器具製造業,新潟県燕市,5562
2023,220224113,株式会社ジンズホールディングス,特定事業所排出者,その他の小売業,東京都千代田区,5553
2023,985773208,ソマール株式会社,特定事業所排出者,建築材料，鉱物・金属材料等卸売業,東京都中央区,5530
2023,580118756,扶桑薬品工業株式会社,特定荷主,化学工業,大阪府大阪市,5508
2023,985120604,株式会社KADOKAWA,特定事業所排出者,映像・音声・文字情報制作業,東京都千代田区,5496
2023,580378263,伊藤忠エネクス株式会社,特定事業所排出者,建築材料，鉱物・金属材料等卸売業,東京都千代田区,5486
2023,380029310,小松ウオール工業株式会社,特定事業所排出者,家具・装備品製造業,石川県小松市,5406
2023,580023751,株式会社池田泉州銀行,特定事業所排出者,銀行業,大阪府大阪市,5405
2023,988179928,イオンフィナンシャルサービス株式会社,特定事業所排出者,情報サービス業,東京都千代田区,5392
2023,580064771,日東電工株式会社,特定荷主,化学工業,大阪府大阪市,5358
2023,880007076,株式会社ハンズマン,特定事業所排出者,各種商品小売業,宮崎県都城市,5338
2023,985682801,日本坩堝株式会社,特定事業所排出者,窯業・土石製品製造業,東京都渋谷区,5338
2023,985676017,株式会社あおぞら銀行,特定事業所排出者,銀行業,東京都千代田区,5335
2023,500176554,ＴＯＷＡ株式会社,特定事業所排出者,生産用機械器具製造業,京都府京都市,5330
2023,420037205,はごろもフーズ株式会社,特定荷主,食料品製造業,静岡県静岡市,5327
2023,985225901,三機工業株式会社,特定事業所排出者,設備工事業,東京都中央区,5322
2023,810000178,黒崎播磨株式会社,特定荷主,窯業・土石製品製造業,福岡県北九州市,5318
2023,870102993,株式会社マルハニチロ九州,特定事業所排出者,食料品製造業,熊本県菊陽町,5298
2023,300056283,株式会社サンコー,特定事業所排出者,金属製品製造業,長野県塩尻市,5269
2023,985056307,アネスト岩田株式会社,特定事業所排出者,はん用機械器具製造業,神奈川県横浜市,5223
2023,985721201,フランスベッド株式会社,特定事業所排出者,家具・装備品製造業,東京都新宿区,5221
2023,400328180,株式会社浜木綿,特定事業所排出者,飲食店,愛知県名古屋市,5164
2023,960355164,株式会社レスター,特定事業所排出者,電子部品・デバイス・電子回路製造業,東京都港区,5164
2023,400095131,豊田通商株式会社,特定事業所排出者,各種商品卸売業,愛知県名古屋市,5160
2023,150000093,株式会社秋田銀行,特定事業所排出者,銀行業,秋田県秋田市,5157
2023,530243470,神戸天然物化学株式会社,特定事業所排出者,化学工業,兵庫県神戸市,5150
2023,270245855,株式会社ピックルスコーポレーション,特定事業所排出者,食料品製造業,埼玉県所沢市,5146
2023,580276021,フクシマガリレイ株式会社,特定事業所排出者,電気機械器具製造業,大阪府大阪市,5125
2023,200343421,株式会社さいか屋,特定事業所排出者,各種商品小売業,神奈川県川崎市,5119
2023,985114509,株式会社加藤製作所,特定事業所排出者,生産用機械器具製造業,東京都品川区,5027
2023,500534396,株式会社ワコール,特定事業所排出者,繊維工業,京都府京都市,4984
2023,710013431,大倉工業株式会社（香川県）,特定荷主,プラスチック製品製造業（別掲を除く）,香川県丸亀市,4975
2023,400124608,フルハシＥＰＯ株式会社,特定事業所排出者,廃棄物処理業,愛知県名古屋市,4952
2023,985131009,カンダホールディングス株式会社,特定事業所排出者,不動産賃貸業・管理業,東京都千代田区,4929
2023,400257702,東建コーポレーション株式会社,特定事業所排出者,総合工事業,愛知県名古屋市,4916
2023,817059005,パナソニックエンターテインメント＆コミュニケーション株式会社,特定事業所排出者,電気機械器具製造業,大阪府守口市,4916
2023,400014025,石塚硝子株式会社,特定荷主,窯業・土石製品製造業,愛知県岩倉市,4907
2023,500026815,株式会社SCREENホールディングス,特定事業所排出者,生産用機械器具製造業,京都府京都市,4906
2023,985634106,ニチアス株式会社,特定荷主,窯業・土石製品製造業,東京都中央区,4900
2023,580163671,株式会社日阪製作所,特定事業所排出者,生産用機械器具製造業,大阪府大阪市,4892
2023,400062864,株式会社スズケン,特定貨物輸送事業者,機械器具卸売業,愛知県名古屋市,4887
2023,400048364,株式会社サンゲツ,特定事業所排出者,建築材料，鉱物・金属材料等卸売業,愛知県名古屋市,4886
2023,580006526,株式会社駒井ハルテック,特定事業所排出者,金属製品製造業,東京都台東区,4879
2023,985464409,東映株式会社,特定事業所排出者,映像・音声・文字情報制作業,東京都中央区,4829
2023,580344185,株式会社ソフト９９コーポレーション,特定事業所排出者,化学工業,大阪府大阪市,4821
2023,880000271,旭有機材株式会社,特定荷主,プラスチック製品製造業（別掲を除く）,宮崎県延岡市,4802
2023,890212731,プリントネット株式会社,特定事業所排出者,印刷・同関連業,鹿児島県鹿児島市,4789
2023,515058252,株式会社カクヤス,特定貨物輸送事業者,飲食料品小売業,東京都北区,4783
2023,570004902,モリ工業株式会社,特定荷主,鉄鋼業,大阪府河内長野市,4775
2023,400324233,株式会社ジーフット,特定事業所排出者,織物・衣服・身の回り品小売業,東京都中央区,4773
2023,580375628,日本電子材料株式会社,特定事業所排出者,電子部品・デバイス・電子回路製造業,兵庫県尼崎市,4748
2023,160012329,日東ベスト株式会社,特定荷主,食料品製造業,山形県寒河江市,4741
2023,400186709,大宝運輸株式会社,特定貨物輸送事業者,道路貨物運送業,愛知県名古屋市,4715
2023,985375345,大伸化学株式会社,特定荷主,化学工業,東京都港区,4654
2023,800035751,株式会社富士ピー・エス,特定事業所排出者,窯業・土石製品製造業,福岡県福岡市,4562
2023,270297922,株式会社アイダ設計,特定事業所排出者,不動産取引業,埼玉県さいたま市,4544
2023,985741302,藤倉化成株式会社,特定事業所排出者,化学工業,東京都港区,4543
2023,986327914,ＪＸ金属株式会社,特定荷主,非鉄金属製造業,東京都港区,4524
2023,450012038,株式会社トーカイ（岐阜県）,特定貨物輸送事業者,その他の教育，学習支援業,岐阜県岐阜市,4498
2023,985176600,株式会社クレハ,特定荷主,化学工業,東京都中央区,4492
2023,200315121,株式会社アルプス物流,特定事業所排出者,倉庫業,神奈川県横浜市,4469
2023,500057428,株式会社ニチダイ,特定事業所排出者,生産用機械器具製造業,京都府京田辺市,4461
2023,985335706,新電元工業株式会社,特定事業所排出者,電子部品・デバイス・電子回路製造業,埼玉県朝霞市,4454
2023,500111451,株式会社京写,特定事業所排出者,電子部品・デバイス・電子回路製造業,京都府久御山町,4440
2023,380061157,福島印刷株式会社,特定事業所排出者,印刷・同関連業,石川県金沢市,4436
2023,65042865,株式会社ヴィレッジヴァンガード,特定事業所排出者,各種商品小売業,愛知県名古屋市,4402
2023,530019231,株式会社ノザワ,特定荷主,窯業・土石製品製造業,兵庫県神戸市,4386
2023,985670407,新日本電工株式会社,特定荷主,鉄鋼業,東京都中央区,4354
2023,580028425,石原産業株式会社,特定荷主,化学工業,大阪府大阪市,4338
2023,580349898,住友精化株式会社,特定荷主,化学工業,大阪府大阪市,4330
2023,400072421,株式会社ダイセキ,特定荷主,廃棄物処理業,愛知県名古屋市,4292
2023,981596419,白銅株式会社,特定事業所排出者,建築材料，鉱物・金属材料等卸売業,東京都千代田区,4292
2023,10224240,総合商研株式会社,特定事業所排出者,印刷・同関連業,北海道札幌市,4291
2023,985817106,持田製薬株式会社,特定事業所排出者,化学工業,東京都新宿区,4253
2023,870047532,株式会社肥後銀行,特定事業所排出者,銀行業,熊本県熊本市,4224
2023,960324570,株式会社シルバーライフ,特定事業所排出者,飲食料品小売業,東京都新宿区,4219
2023,850041077,株式会社ヤマックス,特定事業所排出者,窯業・土石製品製造業,熊本県熊本市,4217
2023,985210944,株式会社サトー,特定事業所排出者,業務用機械器具製造業,東京都港区,4170
2023,380090293,高松機械工業株式会社,特定事業所排出者,生産用機械器具製造業,石川県白山市,4148
2023,540046358,多木化学株式会社,特定荷主,化学工業,兵庫県加古川市,4129
2023,800278024,株式会社きょくとう,特定事業所排出者,洗濯・理容・美容・浴場業,福岡県福岡市,4095
2023,580509104,株式会社ミルボン,特定事業所排出者,化学工業,東京都中央区,4087
2023,985861507,理想科学工業株式会社,特定事業所排出者,業務用機械器具製造業,東京都港区,4084
2023,351013055,株式会社ソシオネクスト,特定事業所排出者,技術サービス業（他に分類されないもの）,神奈川県横浜市,4076
2023,985347402,住友ベークライト株式会社,特定荷主,プラスチック製品製造業（別掲を除く）,東京都品川区,4064
2023,985724259,不二ラテックス株式会社,特定事業所排出者,ゴム製品製造業,東京都千代田区,4039
2023,810283832,株式会社リーガロイヤルホテル小倉,特定事業所排出者,宿泊業,福岡県北九州市,4021
2023,130000407,株式会社岩手銀行,特定事業所排出者,銀行業,岩手県盛岡市,4018
2023,200429230,イリソ電子工業株式会社,特定事業所排出者,電子部品・デバイス・電子回路製造業,神奈川県横浜市,4014
2023,581926326,株式会社ＴＶＥ,特定事業所排出者,はん用機械器具製造業,兵庫県尼崎市,3954
2023,985630401,日東製網株式会社,特定事業所排出者,繊維工業,広島県福山市,3926
2023,988389818,株式会社早稲田アカデミー,特定事業所排出者,その他の教育，学習支援業,東京都豊島区,3914
2023,610197711,株式会社テイツー,特定事業所排出者,その他の小売業,岡山県岡山市,3877
2023,580651103,株式会社千趣会,特定荷主,その他の小売業,大阪府大阪市,3866
2023,580038181,株式会社酉島製作所,特定事業所排出者,はん用機械器具製造業,大阪府高槻市,3863
2023,580005529,株式会社栗本鐵工所,特定荷主,鉄鋼業,大阪府大阪市,3850
2023,280029943,株式会社山梨中央銀行,特定事業所排出者,銀行業,山梨県甲府市,3840
2023,982404631,株式会社ＴＫＣ,特定事業所排出者,情報サービス業,栃木県宇都宮市,3839
2023,600019994,中国塗料株式会社,特定荷主,化学工業,広島県大竹市,3837
2023,500032634,日本電気硝子株式会社,特定荷主,窯業・土石製品製造業,滋賀県大津市,3835
2023,580715256,株式会社フレンドリー,特定事業所排出者,飲食店,大阪府大東市,3828
2023,270085439,株式会社朝日ラバー,特定事業所排出者,ゴム製品製造業,埼玉県さいたま市,3826
2023,985762859,前澤工業株式会社,特定事業所排出者,はん用機械器具製造業,埼玉県川口市,3818
2023,985721801,ブルドックソース株式会社,特定事業所排出者,食料品製造業,東京都中央区,3781
2023,840203313,タカノフーズ九州株式会社,特定事業所排出者,食料品製造業,佐賀県神埼市,3759
2023,983134075,株式会社魚力,特定事業所排出者,飲食料品小売業,東京都立川市,3735
2023,580017431,イオン株式会社,特定事業所排出者,各種商品小売業,千葉県千葉市,3723
2023,985655705,日本信号株式会社,特定事業所排出者,情報通信機械器具製造業,東京都千代田区,3691
2023,400077231,竹田印刷株式会社,特定事業所排出者,印刷・同関連業,愛知県名古屋市,3683
2023,985850808,養命酒製造株式会社,特定事業所排出者,飲料・たばこ・飼料製造業,東京都渋谷区,3662
2023,981671059,株式会社　バロックジャパンリミテッド,特定事業所排出者,織物・衣服・身の回り品小売業,東京都目黒区,3658
2023,982097754,株式会社ナック,特定事業所排出者,その他の事業サービス業,東京都新宿区,3603
2023,851016696,AeroEdge株式会社,特定事業所排出者,輸送用機械器具製造業,栃木県足利市,3580
2023,420192632,株式会社AFC-HDアムスライフサイエンス,特定事業所排出者,食料品製造業,静岡県静岡市,3577
2023,400354644,朝日インテック株式会社,特定事業所排出者,業務用機械器具製造業,愛知県瀬戸市,3575
2023,500182300,アイフル株式会社,特定事業所排出者,貸金業，クレジットカード業等非預金信用機関,京都府京都市,3559
2023,400093421,東陽倉庫株式会社,特定事業所排出者,倉庫業,愛知県名古屋市,3528
2023,985615209,日清紡ホールディングス株式会社,特定事業所排出者,専門サービス業（他に分類されないもの）,東京都中央区,3525
2023,201253936,株式会社ファンケル,特定事業所排出者,化学工業,神奈川県横浜市,3516
2023,985320104,昭和ホールディングス株式会社,特定事業所排出者,ゴム製品製造業,千葉県柏市,3513
2023,985661103,日本精蝋株式会社,特定荷主,石油製品・石炭製品製造業,山口県周南市,3499
2023,985405005,高砂熱学工業株式会社,特定事業所排出者,設備工事業,東京都新宿区,3498
2023,500010001,株式会社中央倉庫,特定事業所排出者,倉庫業,京都府京都市,3491
2023,530005932,東洋機械金属株式会社,特定事業所排出者,生産用機械器具製造業,兵庫県明石市,3488
2023,450088116,セブン工業株式会社,特定事業所排出者,木材・木製品製造業（家具を除く）,岐阜県美濃加茂市,3487
2023,982827299,株式会社ナガセ,特定事業所排出者,その他の教育，学習支援業,東京都武蔵野市,3481
2023,450019441,ムトー精工株式会社,特定事業所排出者,プラスチック製品製造業（別掲を除く）,岐阜県各務原市,3476
2023,985336605,株式会社ジャムコ,特定事業所排出者,輸送用機械器具製造業,東京都立川市,3435
2023,710048348,株式会社百十四銀行,特定事業所排出者,銀行業,香川県高松市,3429
2023,430012317,ＡＳＴＩ株式会社,特定事業所排出者,電気機械器具製造業,静岡県浜松市,3393
2023,400098876,ナトコ株式会社,特定事業所排出者,化学工業,愛知県みよし市,3387
2023,985801607,株式会社クレディセゾン,特定事業所排出者,貸金業，クレジットカード業等非預金信用機関,東京都豊島区,3374
2023,200662871,株式会社ゼンショーホールディングス,特定事業所排出者,飲食店,東京都港区,3365
2023,580336002,日清食品ホールディングス株式会社,特定事業所排出者,食料品製造業,東京都新宿区,3363
2023,270482214,株式会社ランシステム,特定事業所排出者,飲食店,埼玉県狭山市,3360
2023,985832720,山一電機株式会社,特定事業所排出者,電子部品・デバイス・電子回路製造業,東京都大田区,3360
2023,720011557,株式会社阿波銀行,特定事業所排出者,銀行業,徳島県徳島市,3356
2023,200222292,帝国通信工業株式会社,特定事業所排出者,電子部品・デバイス・電子回路製造業,神奈川県川崎市,3355
2023,800043304,西部電機株式会社,特定事業所排出者,生産用機械器具製造業,福岡県古賀市,3327
2023,220026233,株式会社東和銀行,特定事業所排出者,銀行業,群馬県前橋市,3314
2023,400225281,キムラユニティー株式会社,特定事業所排出者,倉庫業,愛知県名古屋市,3296
2023,330050899,株式会社電算,特定事業所排出者,情報サービス業,長野県長野市,3289
2023,380115768,株式会社ハチバン,特定事業所排出者,食料品製造業,石川県金沢市,3282
2023,200301716,油研工業株式会社,特定事業所排出者,はん用機械器具製造業,神奈川県綾瀬市,3278
2023,580019266,ＩＤＥＣ株式会社,特定事業所排出者,電気機械器具製造業,大阪府大阪市,3249
2023,200224457,東京応化工業株式会社,特定荷主,化学工業,神奈川県川崎市,3238
2023,985081702,株式会社オリジン,特定事業所排出者,電子部品・デバイス・電子回路製造業,埼玉県さいたま市,3202
2023,985694202,株式会社長谷工コーポレーション,特定事業所排出者,総合工事業,東京都港区,3187
2023,500302355,株式会社京都東急ホテル,特定事業所排出者,宿泊業,京都府京都市,3163
2023,250307262,株式会社　筑波銀行,特定事業所排出者,銀行業,茨城県土浦市,3152
2023,600019994,中国塗料株式会社,特定事業所排出者,化学工業,東京都千代田区,3150
2023,985197806,高周波熱錬株式会社,特定荷主,金属製品製造業,東京都品川区,3149
2023,730112901,株式会社マナベインテリアハーツ,特定事業所排出者,その他の小売業,大阪府高槻市,3141
2023,985525406,東邦化学工業株式会社,特定荷主,化学工業,東京都中央区,3112
2023,380010121,オリエンタルチエン工業株式会社,特定事業所排出者,はん用機械器具製造業,石川県白山市,3094
2023,985482004,株式会社トプコン,特定事業所排出者,業務用機械器具製造業,東京都板橋区,3091
2023,580364151,新コスモス電機株式会社,特定事業所排出者,情報通信機械器具製造業,大阪府大阪市,3082
2023,580083230,ユシロ化学工業株式会社,特定事業所排出者,石油製品・石炭製品製造業,東京都大田区,3076
2023,400099505,トランコム株式会社,特定事業所排出者,道路貨物運送業,愛知県名古屋市,3072
2023,460036534,カネソウ株式会社,特定事業所排出者,金属製品製造業,三重県朝日町,3066
2023,10038807,株式会社ジャックス,特定事業所排出者,貸金業，クレジットカード業等非預金信用機関,東京都渋谷区,3040
2023,985691309,能美防災株式会社,特定事業所排出者,情報通信機械器具製造業,東京都千代田区,3029
2023,270056992,イーグル工業株式会社,特定荷主,金属製品製造業,東京都港区,3025
2023,985953233,株式会社ミスミ,特定事業所排出者,機械器具卸売業,東京都千代田区,3017
2023,580293756,コンドーテック株式会社,特定事業所排出者,その他の卸売業,大阪府大阪市,2992
2023,100015070,株式会社　高速,特定貨物輸送事業者,その他の卸売業,宮城県仙台市,2968
2023,580004067,住友商事株式会社,特定荷主,各種商品卸売業,東京都千代田区,2967
2023,985644505,日本金属株式会社,特定荷主,鉄鋼業,東京都港区,2936
2023,160021319,株式会社山形銀行,特定事業所排出者,銀行業,山形県山形市,2927
2023,200261620,古河電池株式会社,特定荷主,電気機械器具製造業,神奈川県横浜市,2891
2023,400914276,株式会社ティア,特定事業所排出者,その他の生活関連サービス業,愛知県名古屋市,2857
2023,800039482,昭和鉄工株式会社,特定事業所排出者,はん用機械器具製造業,福岡県宇美町,2847
2023,982840281,株式会社ユニバーサルエンターテインメント,特定事業所排出者,業務用機械器具製造業,東京都江東区,2827
2023,400996871,株式会社ダイセキ環境ソリューション,特定事業所排出者,廃棄物処理業,愛知県名古屋市,2826
2023,200589529,株式会社トリケミカル研究所,特定事業所排出者,化学工業,山梨県上野原市,2818
2023,800035751,株式会社富士ピー・エス,特定荷主,窯業・土石製品製造業,福岡県福岡市,2810
2023,985336454,いであ株式会社,特定事業所排出者,技術サービス業（他に分類されないもの）,東京都世田谷区,2800
2023,500002143,野崎印刷紙業株式会社,特定事業所排出者,印刷・同関連業,京都府京都市,2792
2023,250266947,ホリイフードサービス株式会社,特定事業所排出者,飲食店,茨城県水戸市,2782
2023,540159208,ヒメジ理化株式会社,特定事業所排出者,窯業・土石製品製造業,兵庫県姫路市,2772
2023,580000952,荒川化学工業株式会社,特定荷主,化学工業,大阪府大阪市,2756
2023,580043459,株式会社オートバックスセブン,特定事業所排出者,各種商品卸売業,東京都江東区,2747
2023,200372665,平安レイサービス株式会社,特定事業所排出者,その他の生活関連サービス業,神奈川県平塚市,2744
2023,987958453,株式会社鉄人化計画,特定事業所排出者,娯楽業,東京都目黒区,2743
2023,330010454,日置電機株式会社,特定事業所排出者,電気機械器具製造業,長野県上田市,2731
2023,400127379,株式会社マキタ（愛知県）,特定貨物輸送事業者,生産用機械器具製造業,愛知県安城市,2723
2023,400061713,新東工業株式会社,特定荷主,生産用機械器具製造業,愛知県豊川市,2669
2023,330018962,エムケー精工株式会社,特定事業所排出者,業務用機械器具製造業,長野県千曲市,2662
2023,220063999,日本光電富岡株式会社,特定事業所排出者,電気機械器具製造業,群馬県富岡市,2658
2023,200382321,株式会社東計電算,特定事業所排出者,情報サービス業,神奈川県川崎市,2651
2023,580006221,小林製薬株式会社,特定事業所排出者,化学工業,大阪府大阪市,2637
2023,740010029,株式会社愛媛銀行,特定事業所排出者,銀行業,愛媛県松山市,2636
2023,981049627,株式会社銀座ルノアール,特定事業所排出者,飲食店,東京都中野区,2633
2023,580406887,ナカバヤシ株式会社,特定事業所排出者,パルプ・紙・紙加工品製造業,大阪府大阪市,2615
2023,400027337,株式会社カサイ製作所,特定事業所排出者,輸送用機械器具製造業,愛知県北名古屋市,2583
2023,985415100,立川ブラインド工業株式会社,特定事業所排出者,その他の製造業,東京都港区,2556
2023,987030060,スバル興産株式会社,特定事業所排出者,不動産賃貸業・管理業,東京都渋谷区,2540
2023,985390806,大平洋金属株式会社,特定荷主,鉄鋼業,東京都千代田区,2531
2023,800109317,ヤマウホールディングス株式会社,特定事業所排出者,窯業・土石製品製造業,福岡県福岡市,2523
2023,800236365,アプライド株式会社,特定事業所排出者,機械器具小売業,福岡県福岡市,2504
2023,500032993,京都機械工具株式会社,特定事業所排出者,金属製品製造業,京都府久御山町,2475
2023,580052556,因幡電機産業株式会社,特定事業所排出者,機械器具卸売業,大阪府大阪市,2471
2023,530408702,株式会社カネミツ,特定事業所排出者,輸送用機械器具製造業,兵庫県明石市,2424
2023,985793505,三菱化工機株式会社,特定事業所排出者,生産用機械器具製造業,神奈川県川崎市,2418
2023,600196273,株式会社　あじかん,特定貨物輸送事業者,食料品製造業,広島県広島市,2383
2023,500002411,株式会社メタルアート,特定荷主,鉄鋼業,滋賀県草津市,2371
2023,985161269,株式会社アイネス,特定事業所排出者,情報サービス業,東京都中央区,2362
2023,530025837,株式会社ジャパンエンジンコーポレーション,特定事業所排出者,輸送用機械器具製造業,兵庫県明石市,2336
2023,200582009,株式会社文教堂グループホールディングス,特定事業所排出者,その他の小売業,神奈川県川崎市,2223
2023,400262561,旭化学工業株式会社,特定事業所排出者,プラスチック製品製造業（別掲を除く）,愛知県安城市,2213
2023,380123779,EIZO株式会社,特定事業所排出者,情報通信機械器具製造業,石川県白山市,2206
2023,985350103,セントラル硝子株式会社,特定荷主,化学工業,東京都千代田区,2087
2023,580440047,株式会社プラザクリエイト,特定事業所排出者,その他の生活関連サービス業,東京都中央区,2052
2023,240018838,レオン自動機株式会社,特定事業所排出者,生産用機械器具製造業,栃木県宇都宮市,1974
2023,985390403,太平電業株式会社,特定事業所排出者,設備工事業,東京都千代田区,1929
2023,985242607,株式会社三陽商会,特定事業所排出者,織物・衣服・身の回り品小売業,東京都新宿区,1912
2023,580000120,長瀬産業株式会社,特定事業所排出者,各種商品卸売業,東京都千代田区,1843
2023,984013913,株式会社タカキュー,特定事業所排出者,織物・衣服・身の回り品小売業,東京都板橋区,1806
2023,980551511,かどや製油株式会社,特定荷主,食料品製造業,東京都品川区,1713
2023,530134411,ヒラキ株式会社,特定事業所排出者,無店舗小売業,兵庫県神戸市,1582
2023,985646143,セコム株式会社,特定貨物輸送事業者,道路貨物運送業,東京都渋谷区,1463
2023,988400924,株式会社田谷,特定事業所排出者,洗濯・理容・美容・浴場業,東京都渋谷区,1463
2023,530469646,株式会社フェリシモ,特定事業所排出者,無店舗小売業,兵庫県神戸市,1348
2023,985840651,ジェコス株式会社,特定事業所排出者,物品賃貸業,東京都文京区,1266
2023,985794601,三菱製鋼株式会社,特定荷主,鉄鋼業,東京都中央区,1057
2023,63007123,株式会社エフオン壬生,特定事業所排出者,電気業,栃木県壬生町,321
2023,817059005,パナソニックエンターテインメント＆コミュニケーション株式会社,特定荷主,電気機械器具製造業,大阪府守口市,188
2023,960385987,チムニー株式会社,特定事業所排出者,飲食店,東京都墨田区,0
